tree_size,count,reads,avg_reads,writes,avg_writes,visited,avg_visited,skipped,avg_skipped,gc_pruned,avg_gc_pruned,exposures,avg_exposures
1,1414,1967,1.39,2064,1.46,31929,22.58,2617,1.85,240,0.17,6,0.00
2,4275,14337,3.35,15121,3.54,1778426,416.01,886551,207.38,28098,6.57,8,0.00
3,859,1707,1.99,1581,1.84,9926,11.56,373,0.43,0,0.00,2,0.00
4,244,854,3.50,870,3.57,2635,10.80,86,0.35,0,0.00,3,0.01
5,289,770,2.66,745,2.58,8423,29.15,541,1.87,0,0.00,0,0.00
6,3111,9131,2.94,8247,2.65,73260,23.55,1513,0.49,0,0.00,2,0.00
7,177,1300,7.34,952,5.38,34336,193.99,3209,18.13,272,1.54,1,0.01
8,250,1860,7.44,1494,5.98,7755,31.02,348,1.39,0,0.00,0,0.00
9,4317,61829,14.32,66451,15.39,12001,2.78,1312,0.30,0,0.00,9,0.00
10,3532,56894,16.11,60953,17.26,8946300,2532.93,4423141,1252.30,140490,39.78,42,0.01
11,273,4276,15.66,4464,16.35,3897602,14276.93,711093,2604.74,29160,106.81,9,0.03
12,399,5253,13.17,5569,13.96,9706,24.33,1802,4.52,0,0.00,0,0.00
13,64,609,9.52,510,7.97,4856,75.88,644,10.06,0,0.00,4,0.06
14,168,2390,14.23,956,5.69,17624,104.90,2796,16.64,0,0.00,0,0.00
15,291,4119,14.15,4066,13.97,10091,34.68,530,1.82,0,0.00,0,0.00
16,277,4261,15.38,4350,15.70,14330,51.73,332,1.20,0,0.00,2,0.01
17,36,490,13.61,481,13.36,2625,72.92,171,4.75,0,0.00,0,0.00
18,193,2114,10.95,2004,10.38,16975,87.95,2352,12.19,0,0.00,5,0.03
19,110,3038,27.62,3492,31.75,4397,39.97,216,1.96,0,0.00,0,0.00
20,83,1334,16.07,1327,15.99,6683,80.52,640,7.71,0,0.00,4,0.05
21,46,756,16.43,610,13.26,4049,88.02,475,10.33,0,0.00,0,0.00
22,63,970,15.40,959,15.22,8471,134.46,1052,16.70,0,0.00,2,0.03
23,38,624,16.42,531,13.97,5107,134.39,1054,27.74,0,0.00,0,0.00
24,122,1428,11.70,1410,11.56,13087,107.27,1241,10.17,0,0.00,14,0.11
25,43,1133,26.35,1030,23.95,6918,160.88,685,15.93,0,0.00,0,0.00
26,63,1240,19.68,845,13.41,10556,167.56,2513,39.89,0,0.00,0,0.00
27,2508,31678,12.63,25628,10.22,262290,104.58,7758,3.09,0,0.00,0,0.00
28,31,560,18.06,523,16.87,4462,143.94,280,9.03,0,0.00,0,0.00
29,76,1333,17.54,1239,16.30,7592,99.89,1054,13.87,0,0.00,0,0.00
30,1931,26607,13.78,24637,12.76,219531,113.69,4886,2.53,0,0.00,14,0.01
31,14,338,24.14,348,24.86,1241,88.64,87,6.21,0,0.00,0,0.00
32,94,1470,15.64,1446,15.38,13635,145.05,190,2.02,0,0.00,1,0.01
33,234,4495,19.21,2928,12.51,34002,145.31,2054,8.78,0,0.00,0,0.00
34,34,766,22.53,580,17.06,7743,227.74,2631,77.38,0,0.00,0,0.00
35,92,3159,34.34,4074,44.28,8062,87.63,517,5.62,0,0.00,4,0.04
36,258,5915,22.93,4027,15.61,40544,157.15,434,1.68,0,0.00,0,0.00
37,983,25530,25.97,25522,25.96,118318,120.36,646,0.66,0,0.00,0,0.00
38,43,1032,24.00,739,17.19,15426,358.74,4417,102.72,0,0.00,1,0.02
39,41,1335,32.56,1351,32.95,7480,182.44,391,9.54,0,0.00,0,0.00
40,73,1703,23.33,1494,20.47,20301,278.10,1199,16.42,0,0.00,14,0.19
41,20,481,24.05,534,26.70,3961,198.05,257,12.85,0,0.00,0,0.00
42,27,555,20.56,395,14.63,7671,284.11,3962,146.74,0,0.00,0,0.00
43,43,1360,31.63,1489,34.63,5695,132.44,259,6.02,0,0.00,0,0.00
44,9,197,21.89,201,22.33,1577,175.22,51,5.67,0,0.00,0,0.00
45,111,2241,20.19,2288,20.61,32813,295.61,2074,18.68,0,0.00,0,0.00
46,39,1792,45.95,1567,40.18,9962,255.44,2385,61.15,0,0.00,7,0.18
47,15,551,36.73,523,34.87,3572,238.13,328,21.87,0,0.00,0,0.00
48,44,1157,26.30,950,21.59,19127,434.70,1619,36.80,0,0.00,0,0.00
49,19,629,33.11,649,34.16,4450,234.21,460,24.21,0,0.00,0,0.00
50,166,3416,20.58,3213,19.36,51314,309.12,6235,37.56,0,0.00,2,0.01
51,34,774,22.76,801,23.56,10299,302.91,548,16.12,0,0.00,0,0.00
52,19,765,40.26,641,33.74,14444,760.21,1201,63.21,0,0.00,1,0.05
53,18,447,24.83,468,26.00,8122,451.22,1666,92.56,0,0.00,0,0.00
54,40,1322,33.05,1139,28.48,14563,364.07,6277,156.93,0,0.00,0,0.00
55,17,477,28.06,534,31.41,4239,249.35,813,47.82,0,0.00,0,0.00
56,25,918,36.72,748,29.92,8692,347.68,1715,68.60,0,0.00,0,0.00
57,615,18352,29.84,12325,20.04,135260,219.93,6209,10.10,0,0.00,9,0.01
58,14,546,39.00,398,28.43,18524,1323.14,5344,381.71,0,0.00,0,0.00
59,45,1534,34.09,1158,25.73,9636,214.13,616,13.69,0,0.00,0,0.00
60,27,970,35.93,917,33.96,8516,315.41,2295,85.00,0,0.00,0,0.00
61,20,872,43.60,1187,59.35,4572,228.60,513,25.65,0,0.00,0,0.00
62,16,674,42.12,445,27.81,4550,284.38,3402,212.62,0,0.00,1,0.06
63,88,7464,84.82,2179,24.76,46848,532.36,7134,81.07,0,0.00,0,0.00
64,13,835,64.23,869,66.85,3047,234.38,1211,93.15,0,0.00,0,0.00
65,10,526,52.60,387,38.70,3287,328.70,694,69.40,0,0.00,0,0.00
66,22,957,43.50,576,26.18,22794,1036.09,5284,240.18,0,0.00,0,0.00
67,11,458,41.64,377,34.27,5928,538.91,424,38.55,0,0.00,0,0.00
68,19,1484,78.11,1096,57.68,9499,499.95,805,42.37,0,0.00,0,0.00
69,15,1360,90.67,475,31.67,5231,348.73,755,50.33,0,0.00,0,0.00
70,39,1592,40.82,1329,34.08,14111,361.82,3929,100.74,0,0.00,0,0.00
71,11,587,53.36,561,51.00,4831,439.18,861,78.27,0,0.00,0,0.00
72,38,1727,45.45,1458,38.37,13380,352.11,2599,68.39,0,0.00,0,0.00
73,8,542,67.75,641,80.12,1383,172.88,149,18.62,0,0.00,0,0.00
74,10,495,49.50,358,35.80,8184,818.40,3798,379.80,0,0.00,0,0.00
75,10,572,57.20,400,40.00,5340,534.00,690,69.00,0,0.00,0,0.00
76,18,1145,63.61,1058,58.78,10443,580.17,543,30.17,0,0.00,0,0.00
77,6,172,28.67,126,21.00,4562,760.33,1824,304.00,0,0.00,0,0.00
78,4,399,99.75,410,102.50,734,183.50,89,22.25,0,0.00,0,0.00
79,20,1532,76.60,1273,63.65,11737,586.85,865,43.25,0,0.00,0,0.00
80,22,1117,50.77,1117,50.77,8766,398.45,406,18.45,0,0.00,16,0.73
81,28,1518,54.21,1221,43.61,14192,506.86,4322,154.36,0,0.00,0,0.00
82,13,923,71.00,542,41.69,9029,694.54,834,64.15,0,0.00,0,0.00
83,5,258,51.60,357,71.40,983,196.60,63,12.60,0,0.00,0,0.00
84,30,528,17.60,532,17.73,10518,350.60,440,14.67,0,0.00,10,0.33
85,24,1245,51.88,999,41.62,22587,941.12,1428,59.50,0,0.00,10,0.42
86,22,896,40.73,640,29.09,23862,1084.64,7728,351.27,0,0.00,0,0.00
87,18,1081,60.06,995,55.28,12856,714.22,2652,147.33,0,0.00,0,0.00
88,11,534,48.55,366,33.27,6340,576.36,1434,130.36,0,0.00,0,0.00
89,6,175,29.17,201,33.50,2409,401.50,231,38.50,0,0.00,0,0.00
90,56,3403,60.77,2160,38.57,27774,495.96,11898,212.46,0,0.00,0,0.00
91,6,428,71.33,423,70.50,2945,490.83,118,19.67,0,0.00,0,0.00
92,8,574,71.75,468,58.50,4580,572.50,1005,125.62,0,0.00,0,0.00
93,19,626,32.95,669,35.21,13192,694.32,1348,70.95,0,0.00,1,0.05
94,17,565,33.24,423,24.88,18556,1091.53,2365,139.12,0,0.00,0,0.00
95,2,59,29.50,93,46.50,780,390.00,176,88.00,0,0.00,0,0.00
96,21,1149,54.71,745,35.48,18865,898.33,4454,212.10,0,0.00,1,0.05
97,2,166,83.00,137,68.50,701,350.50,122,61.00,0,0.00,0,0.00
98,7,348,49.71,361,51.57,5354,764.86,414,59.14,0,0.00,0,0.00
99,16,1005,62.81,868,54.25,12278,767.38,821,51.31,0,0.00,0,0.00
100,21,1477,70.33,1262,60.10,7263,345.86,1824,86.86,0,0.00,0,0.00
101,4,140,35.00,267,66.75,1276,319.00,32,8.00,0,0.00,0,0.00
102,4,176,44.00,136,34.00,6683,1670.75,1196,299.00,0,0.00,0,0.00
103,5,279,55.80,235,47.00,4369,873.80,695,139.00,0,0.00,0,0.00
104,10,657,65.70,704,70.40,5314,531.40,3323,332.30,0,0.00,16,1.60
105,65,3073,47.28,3074,47.29,27833,428.20,996,15.32,0,0.00,0,0.00
106,12,599,49.92,363,30.25,13777,1148.08,3096,258.00,0,0.00,0,0.00
107,9,678,75.33,623,69.22,3561,395.67,123,13.67,0,0.00,0,0.00
108,10,819,81.90,803,80.30,5740,574.00,548,54.80,0,0.00,0,0.00
109,7,812,116.00,602,86.00,2876,410.86,711,101.57,0,0.00,0,0.00
110,32,1610,50.31,1254,39.19,32627,1019.59,5356,167.38,0,0.00,2,0.06
111,6,513,85.50,327,54.50,4861,810.17,322,53.67,0,0.00,0,0.00
112,4,190,47.50,144,36.00,3482,870.50,604,151.00,0,0.00,2,0.50
113,21,1211,57.67,1049,49.95,9013,429.19,328,15.62,0,0.00,0,0.00
114,10,604,60.40,518,51.80,7660,766.00,2062,206.20,0,0.00,2,0.20
115,4,211,52.75,160,40.00,6364,1591.00,680,170.00,0,0.00,0,0.00
116,9,875,97.22,992,110.22,3347,371.89,115,12.78,0,0.00,0,0.00
117,14,1032,73.71,957,68.36,10266,733.29,4370,312.14,0,0.00,2,0.14
118,3,213,71.00,146,48.67,2218,739.33,189,63.00,0,0.00,0,0.00
120,13,1119,86.08,1119,86.08,4818,370.62,740,56.92,0,0.00,0,0.00
121,2,122,61.00,64,32.00,2501,1250.50,275,137.50,0,0.00,0,0.00
122,5,338,67.60,289,57.80,12825,2565.00,1610,322.00,0,0.00,0,0.00
123,67,8942,133.46,11796,176.06,13092,195.40,2652,39.58,0,0.00,4,0.06
124,13,1347,103.62,1920,147.69,4062,312.46,356,27.38,0,0.00,0,0.00
125,4,312,78.00,536,134.00,736,184.00,248,62.00,0,0.00,0,0.00
126,21,1654,78.76,1573,74.90,24749,1178.52,8536,406.48,0,0.00,0,0.00
127,8,654,81.75,765,95.62,10573,1321.62,663,82.88,0,0.00,0,0.00
128,7,252,36.00,232,33.14,9957,1422.43,361,51.57,0,0.00,0,0.00
129,24,2439,101.62,2331,97.12,13660,569.17,1064,44.33,0,0.00,0,0.00
130,22,1561,70.95,1008,45.82,13006,591.18,6395,290.68,0,0.00,0,0.00
131,9,902,100.22,507,56.33,12939,1437.67,1318,146.44,0,0.00,2,0.22
132,12,335,27.92,547,45.58,26555,2212.92,366,30.50,0,0.00,0,0.00
133,13,1094,84.15,837,64.38,13608,1046.77,890,68.46,0,0.00,0,0.00
134,10,918,91.80,899,89.90,11930,1193.00,1492,149.20,0,0.00,2,0.20
135,5,565,113.00,604,120.80,4892,978.40,1194,238.80,0,0.00,0,0.00
136,8,553,69.12,485,60.62,5822,727.75,680,85.00,0,0.00,0,0.00
137,7,357,51.00,469,67.00,7929,1132.71,551,78.71,0,0.00,1,0.14
138,8,530,66.25,492,61.50,5377,672.12,420,52.50,0,0.00,0,0.00
139,5,414,82.80,341,68.20,6720,1344.00,1661,332.20,0,0.00,0,0.00
140,9,1018,113.11,970,107.78,6169,685.44,516,57.33,0,0.00,0,0.00
141,12,2059,171.58,1862,155.17,6550,545.83,729,60.75,0,0.00,0,0.00
142,6,1172,195.33,1306,217.67,2092,348.67,408,68.00,0,0.00,0,0.00
143,8,734,91.75,528,66.00,10701,1337.62,4758,594.75,0,0.00,0,0.00
144,8,729,91.12,586,73.25,6168,771.00,423,52.88,0,0.00,0,0.00
145,4,381,95.25,396,99.00,4772,1193.00,789,197.25,0,0.00,0,0.00
146,15,1064,70.93,757,50.47,27341,1822.73,16155,1077.00,0,0.00,8,0.53
147,7,460,65.71,663,94.71,6339,905.57,1933,276.14,0,0.00,0,0.00
148,2,70,35.00,560,280.00,222,111.00,12,6.00,0,0.00,0,0.00
149,10,989,98.90,941,94.10,7224,722.40,3181,318.10,0,0.00,0,0.00
150,20,1535,76.75,681,34.05,30377,1518.85,27814,1390.70,0,0.00,0,0.00
151,3,115,38.33,102,34.00,3501,1167.00,169,56.33,0,0.00,0,0.00
152,2,255,127.50,177,88.50,856,428.00,43,21.50,0,0.00,0,0.00
153,7,742,106.00,551,78.71,11160,1594.29,4031,575.86,0,0.00,0,0.00
154,8,1221,152.62,1033,129.12,10616,1327.00,14031,1753.88,0,0.00,0,0.00
155,3,223,74.33,240,80.00,2383,794.33,245,81.67,0,0.00,0,0.00
156,12,1983,165.25,1891,157.58,8577,714.75,811,67.58,0,0.00,0,0.00
157,5,372,74.40,323,64.60,7835,1567.00,425,85.00,0,0.00,0,0.00
158,3417,939327,274.90,1004985,294.11,141088510,41290.17,69869500,20447.61,2219742,649.62,474,0.14
159,2,230,115.00,181,90.50,3295,1647.50,1250,625.00,0,0.00,0,0.00
160,203,62304,306.92,64361,317.05,4045,19.93,272,1.34,0,0.00,0,0.00
161,2,793,396.50,1045,522.50,210,105.00,0,0.00,0,0.00,0,0.00
162,5,687,137.40,808,161.60,4502,900.40,337,67.40,0,0.00,0,0.00
163,3,421,140.33,385,128.33,3788,1262.67,1567,522.33,0,0.00,0,0.00
164,174,32583,187.26,36540,210.00,5569,32.01,189,1.09,0,0.00,0,0.00
165,1,145,145.00,122,122.00,784,784.00,87,87.00,0,0.00,0,0.00
166,5,714,142.80,211,42.20,13948,2789.60,7134,1426.80,0,0.00,0,0.00
167,163,47778,293.12,52329,321.04,1852,11.36,147,0.90,0,0.00,0,0.00
168,71,18416,259.38,23561,331.85,5342,75.24,404,5.69,0,0.00,16,0.23
169,16,8530,533.12,8532,533.25,0,0.00,0,0.00,0,0.00,0,0.00
170,14,1151,82.21,772,55.14,10828,773.43,8858,632.71,0,0.00,0,0.00
171,14,962,68.71,555,39.64,34165,2440.36,9399,671.36,0,0.00,4,0.29
172,3,306,102.00,282,94.00,2625,875.00,152,50.67,0,0.00,2,0.67
173,26,4200,161.54,3912,150.46,37660,1448.46,6048,232.62,0,0.00,0,0.00
174,16,1616,101.00,1515,94.69,5616,351.00,2122,132.62,0,0.00,0,0.00
175,11,805,73.18,770,70.00,14875,1352.27,245,22.27,0,0.00,0,0.00
176,8,617,77.12,537,67.12,17483,2185.38,1492,186.50,0,0.00,0,0.00
177,11,4218,383.45,4302,391.09,0,0.00,0,0.00,0,0.00,0,0.00
178,4,153,38.25,390,97.50,3959,989.75,7910,1977.50,0,0.00,0,0.00
179,7116,2084176,292.89,2299064,323.08,326727572,45914.50,112916311,15867.95,3158813,443.90,1613,0.23
180,3,224,74.67,411,137.00,5288,1762.67,1726,575.33,0,0.00,0,0.00
181,3,242,80.67,407,135.67,796,265.33,2,0.67,0,0.00,0,0.00
182,5,653,130.60,566,113.20,12148,2429.60,18757,3751.40,123,24.60,26,5.20
183,9,1175,130.56,1017,113.00,7782,864.67,443,49.22,0,0.00,0,0.00
184,4,272,68.00,203,50.75,3107,776.75,990,247.50,0,0.00,0,0.00
185,33,11093,336.15,10528,319.03,5973,181.00,1868,56.61,0,0.00,0,0.00
186,13,1030,79.23,792,60.92,30719,2363.00,8752,673.23,0,0.00,0,0.00
187,8,1042,130.25,1402,175.25,4922,615.25,114,14.25,0,0.00,0,0.00
188,767,156589,204.16,156307,203.79,96221,125.45,164,0.21,0,0.00,0,0.00
189,5,516,103.20,556,111.20,3354,670.80,548,109.60,0,0.00,0,0.00
190,63,9369,148.71,8363,132.75,89902,1427.02,22196,352.32,123,1.95,40,0.63
191,5,756,151.20,556,111.20,6603,1320.60,2955,591.00,0,0.00,0,0.00
192,7,354,50.57,504,72.00,25239,3605.57,2733,390.43,0,0.00,4,0.57
193,5,550,110.00,523,104.60,3743,748.60,200,40.00,0,0.00,0,0.00
194,37,5788,156.43,5628,152.11,18674,504.70,7726,208.81,0,0.00,0,0.00
195,2,146,73.00,267,133.50,1746,873.00,322,161.00,0,0.00,0,0.00
196,1,77,77.00,71,71.00,815,815.00,49,49.00,0,0.00,0,0.00
197,183,64146,350.52,63988,349.66,34847,190.42,993,5.43,0,0.00,0,0.00
198,6,737,122.83,1351,225.17,10001,1666.83,1286,214.33,0,0.00,0,0.00
199,13,2278,175.23,2056,158.15,19065,1466.54,7765,597.31,0,0.00,0,0.00
200,3,203,67.67,320,106.67,2633,877.67,10,3.33,0,0.00,0,0.00
201,2,208,104.00,187,93.50,1208,604.00,8,4.00,0,0.00,0,0.00
202,3,330,110.00,234,78.00,3765,1255.00,9853,3284.33,0,0.00,0,0.00
203,7,1808,258.29,1452,207.43,2310,330.00,59,8.43,0,0.00,0,0.00
204,2,197,98.50,139,69.50,1458,729.00,61,30.50,0,0.00,0,0.00
206,9,667,74.11,283,31.44,36841,4093.44,39414,4379.33,106,11.78,2,0.22
207,7,1927,275.29,1750,250.00,6427,918.14,766,109.43,0,0.00,0,0.00
208,4,731,182.75,967,241.75,2993,748.25,157,39.25,0,0.00,0,0.00
209,7,631,90.14,662,94.57,9035,1290.71,476,68.00,0,0.00,0,0.00
210,12,1311,109.25,638,53.17,12503,1041.92,10677,889.75,0,0.00,0,0.00
211,1,99,99.00,82,82.00,1162,1162.00,321,321.00,0,0.00,0,0.00
212,2,520,260.00,578,289.00,1172,586.00,166,83.00,0,0.00,0,0.00
213,2,188,94.00,448,224.00,2190,1095.00,403,201.50,0,0.00,0,0.00
215,7,657,93.86,724,103.43,8680,1240.00,424,60.57,0,0.00,0,0.00
216,7,777,111.00,670,95.71,21099,3014.14,2040,291.43,0,0.00,0,0.00
217,3,728,242.67,686,228.67,8020,2673.33,1100,366.67,0,0.00,0,0.00
218,2,279,139.50,186,93.00,1981,990.50,277,138.50,0,0.00,0,0.00
219,2,176,88.00,165,82.50,3457,1728.50,0,0.00,0,0.00,0,0.00
220,3,472,157.33,328,109.33,5935,1978.33,409,136.33,0,0.00,0,0.00
222,2,157,78.50,94,47.00,4086,2043.00,798,399.00,0,0.00,0,0.00
223,5,791,158.20,263,52.60,13645,2729.00,2161,432.20,0,0.00,0,0.00
224,1,139,139.00,79,79.00,956,956.00,101,101.00,0,0.00,0,0.00
225,4,577,144.25,429,107.25,11865,2966.25,7582,1895.50,0,0.00,0,0.00
226,9,1370,152.22,1219,135.44,30608,3400.89,14616,1624.00,140,15.56,0,0.00
227,1,120,120.00,135,135.00,589,589.00,21,21.00,0,0.00,0,0.00
228,3,28,9.33,12,4.00,11572,3857.33,876,292.00,0,0.00,26,8.67
229,3,266,88.67,227,75.67,5031,1677.00,778,259.33,0,0.00,0,0.00
230,10,1287,128.70,467,46.70,13005,1300.50,38127,3812.70,0,0.00,0,0.00
231,8,968,121.00,670,83.75,10770,1346.25,982,122.75,0,0.00,0,0.00
232,7,733,104.71,505,72.14,12350,1764.29,5353,764.71,0,0.00,0,0.00
233,1,271,271.00,313,313.00,1565,1565.00,4,4.00,0,0.00,0,0.00
234,11,1268,115.27,902,82.00,69384,6307.64,82410,7491.82,0,0.00,0,0.00
235,23,1886,82.00,828,36.00,195132,8484.00,38272,1664.00,0,0.00,0,0.00
236,3,285,95.00,220,73.33,7452,2484.00,1138,379.33,106,35.33,2,0.67
238,1,236,236.00,120,120.00,5470,5470.00,29526,29526.00,0,0.00,0,0.00
239,2,515,257.50,506,253.00,1141,570.50,81,40.50,0,0.00,0,0.00
240,4,293,73.25,198,49.50,30212,7553.00,1321,330.25,0,0.00,0,0.00
241,2,262,131.00,214,107.00,2225,1112.50,339,169.50,0,0.00,0,0.00
242,2,168,84.00,171,85.50,3286,1643.00,9,4.50,0,0.00,0,0.00
243,5,864,172.80,629,125.80,13139,2627.80,11612,2322.40,0,0.00,0,0.00
244,2,254,127.00,198,99.00,3930,1965.00,178,89.00,0,0.00,0,0.00
245,3,415,138.33,437,145.67,3176,1058.67,174,58.00,0,0.00,0,0.00
246,6,573,95.50,390,65.00,20919,3486.50,23257,3876.17,148,24.67,0,0.00
247,3,514,171.33,442,147.33,15348,5116.00,2270,756.67,0,0.00,0,0.00
248,3,418,139.33,249,83.00,6423,2141.00,35,11.67,0,0.00,0,0.00
249,2,765,382.50,349,174.50,4178,2089.00,1105,552.50,0,0.00,0,0.00
250,11,1443,131.18,474,43.09,19595,1781.36,37574,3415.82,262,23.82,1,0.09
251,1,275,275.00,146,146.00,638,638.00,0,0.00,0,0.00,0,0.00
252,5,35,7.00,31,6.20,10635,2127.00,604,120.80,0,0.00,24,4.80
253,2,81,40.50,33,16.50,6717,3358.50,606,303.00,0,0.00,6,3.00
254,4,305,76.25,149,37.25,16879,4219.75,12718,3179.50,0,0.00,0,0.00
255,1,3,3.00,64,64.00,826,826.00,0,0.00,0,0.00,0,0.00
257,3,606,202.00,533,177.67,6523,2174.33,250,83.33,0,0.00,0,0.00
258,2,245,122.50,211,105.50,2793,1396.50,224,112.00,0,0.00,0,0.00
259,2,331,165.50,282,141.00,7886,3943.00,4814,2407.00,0,0.00,0,0.00
260,5,363,72.60,188,37.60,38593,7718.60,3504,700.80,0,0.00,0,0.00
261,14,1990,142.14,624,44.57,228433,16316.64,32438,2317.00,0,0.00,0,0.00
262,2,165,82.50,163,81.50,2960,1480.00,239,119.50,0,0.00,0,0.00
263,1,59,59.00,102,102.00,1681,1681.00,0,0.00,0,0.00,0,0.00
266,4,231,57.75,170,42.50,26533,6633.25,13755,3438.75,95,23.75,14,3.50
267,2,240,120.00,193,96.50,3775,1887.50,355,177.50,0,0.00,0,0.00
268,2,137,68.50,358,179.00,3434,1717.00,116,58.00,0,0.00,0,0.00
269,5,640,128.00,430,86.00,15197,3039.40,1141,228.20,0,0.00,0,0.00
270,5,650,130.00,50,10.00,8350,1670.00,15000,3000.00,0,0.00,0,0.00
273,1,43,43.00,78,78.00,4362,4362.00,240,240.00,0,0.00,0,0.00
274,4,430,107.50,189,47.25,17714,4428.50,14936,3734.00,0,0.00,0,0.00
275,1,95,95.00,35,35.00,3142,3142.00,1003,1003.00,0,0.00,0,0.00
276,2,137,68.50,198,99.00,2980,1490.00,330,165.00,0,0.00,0,0.00
277,1,163,163.00,159,159.00,1368,1368.00,198,198.00,0,0.00,0,0.00
279,2,556,278.00,316,158.00,11460,5730.00,11440,5720.00,0,0.00,0,0.00
281,3,204,68.00,216,72.00,8282,2760.67,656,218.67,0,0.00,0,0.00
282,1,117,117.00,74,74.00,2752,2752.00,0,0.00,0,0.00,0,0.00
283,1,121,121.00,47,47.00,1463,1463.00,245,245.00,0,0.00,0,0.00
284,1,550,550.00,568,568.00,0,0.00,0,0.00,0,0.00,0,0.00
285,1,40,40.00,40,40.00,3464,3464.00,224,224.00,0,0.00,4,4.00
286,2,176,88.00,64,32.00,11924,5962.00,10776,5388.00,0,0.00,0,0.00
287,3,395,131.67,331,110.33,6232,2077.33,481,160.33,0,0.00,0,0.00
288,5,2740,548.00,3916,783.20,15678,3135.60,1166,233.20,172,34.40,4,0.80
290,15,2361,157.40,538,35.87,248244,16549.60,39530,2635.33,0,0.00,0,0.00
291,1,156,156.00,53,53.00,4030,4030.00,623,623.00,0,0.00,0,0.00
294,2,282,141.00,206,103.00,7111,3555.50,5735,2867.50,0,0.00,0,0.00
295,1,166,166.00,166,166.00,1221,1221.00,215,215.00,0,0.00,0,0.00
297,3,562,187.33,436,145.33,16080,5360.00,9004,3001.33,0,0.00,2,0.67
298,4,632,158.00,772,193.00,4900,1225.00,0,0.00,0,0.00,0,0.00
299,2,421,210.50,213,106.50,7937,3968.50,8898,4449.00,0,0.00,0,0.00
300,2,202,101.00,440,220.00,4452,2226.00,490,245.00,0,0.00,2,1.00
301,1,173,173.00,236,236.00,2104,2104.00,11,11.00,0,0.00,0,0.00
303,1,94,94.00,317,317.00,1671,1671.00,5,5.00,0,0.00,0,0.00
305,5,595,119.00,531,106.20,13309,2661.80,2235,447.00,0,0.00,0,0.00
306,2,189,94.50,246,123.00,3843,1921.50,305,152.50,0,0.00,0,0.00
307,3,417,139.00,315,105.00,17226,5742.00,3537,1179.00,0,0.00,0,0.00
308,1,321,321.00,167,167.00,2301,2301.00,142,142.00,0,0.00,6,6.00
310,3,433,144.33,65,21.67,5507,1835.67,8580,2860.00,0,0.00,0,0.00
311,1,124,124.00,126,126.00,1736,1736.00,305,305.00,0,0.00,0,0.00
312,2,319,159.50,118,59.00,3135,1567.50,4121,2060.50,0,0.00,0,0.00
313,12,2128,177.33,773,64.42,48064,4005.33,7252,604.33,0,0.00,0,0.00
314,5,591,118.20,365,73.00,23109,4621.80,20048,4009.60,114,22.80,3,0.60
315,4,510,127.50,366,91.50,8313,2078.25,2415,603.75,0,0.00,0,0.00
316,43,18828,437.86,14898,346.47,34077,792.49,8047,187.14,0,0.00,0,0.00
317,2,263,131.50,222,111.00,3608,1804.00,950,475.00,0,0.00,0,0.00
318,5,3309,661.80,3920,784.00,5704,1140.80,715,143.00,0,0.00,0,0.00
321,1,141,141.00,94,94.00,1922,1922.00,679,679.00,0,0.00,0,0.00
322,8,1934,241.75,2594,324.25,7996,999.50,656,82.00,0,0.00,0,0.00
324,3,360,120.00,346,115.33,38734,12911.33,4186,1395.33,0,0.00,12,4.00
325,6,843,140.50,819,136.50,35234,5872.33,9777,1629.50,261,43.50,0,0.00
326,5,458,91.60,669,133.80,11021,2204.20,7254,1450.80,0,0.00,4,0.80
327,1,122,122.00,114,114.00,1483,1483.00,245,245.00,0,0.00,0,0.00
330,2,315,157.50,114,57.00,4022,2011.00,5316,2658.00,0,0.00,0,0.00
332,1,76,76.00,131,131.00,2279,2279.00,21,21.00,0,0.00,0,0.00
333,5,1511,302.20,1288,257.60,16224,3244.80,11358,2271.60,0,0.00,0,0.00
335,2,1153,576.50,1015,507.50,1106,553.00,158,79.00,0,0.00,0,0.00
337,5,736,147.20,371,74.20,26855,5371.00,5080,1016.00,0,0.00,0,0.00
338,1,72,72.00,133,133.00,2256,2256.00,0,0.00,0,0.00,0,0.00
339,3,728,242.67,329,109.67,16644,5548.00,12148,4049.33,0,0.00,0,0.00
340,2,365,182.50,271,135.50,6026,3013.00,75,37.50,0,0.00,0,0.00
342,1,160,160.00,195,195.00,1567,1567.00,20,20.00,0,0.00,0,0.00
344,1,60,60.00,18,18.00,16422,16422.00,3042,3042.00,0,0.00,0,0.00
349,3,416,138.67,331,110.33,6104,2034.67,690,230.00,0,0.00,0,0.00
350,3,310,103.33,185,61.67,11150,3716.67,5280,1760.00,0,0.00,70,23.33
351,1,149,149.00,122,122.00,2030,2030.00,645,645.00,0,0.00,0,0.00
352,1,235,235.00,196,196.00,2045,2045.00,144,144.00,0,0.00,0,0.00
353,1,179,179.00,120,120.00,2074,2074.00,677,677.00,0,0.00,0,0.00
356,2,334,167.00,501,250.50,1952,976.00,331,165.50,0,0.00,0,0.00
357,3,567,189.00,147,49.00,8127,2709.00,1155,385.00,0,0.00,0,0.00
358,68,27068,398.06,26352,387.53,42897,630.84,5819,85.57,0,0.00,40,0.59
359,1,76,76.00,76,76.00,3481,3481.00,0,0.00,0,0.00,140,140.00
360,1,360,360.00,360,360.00,0,0.00,0,0.00,0,0.00,0,0.00
361,1,189,189.00,49,49.00,2709,2709.00,385,385.00,0,0.00,0,0.00
366,1,183,183.00,122,122.00,2562,2562.00,488,488.00,0,0.00,0,0.00
368,1,134,134.00,153,153.00,1849,1849.00,344,344.00,0,0.00,0,0.00
369,57,8160,143.16,8121,142.47,98373,1725.84,1917,33.63,0,0.00,0,0.00
370,6,1255,209.17,1070,178.33,8681,1446.83,335,55.83,0,0.00,0,0.00
371,7,1206,172.29,918,131.14,10377,1482.43,404,57.71,0,0.00,0,0.00
372,5,662,132.40,1060,212.00,10857,2171.40,44,8.80,0,0.00,1,0.20
373,1,124,124.00,247,247.00,1736,1736.00,1,1.00,0,0.00,0,0.00
374,4,982,245.50,1180,295.00,8165,2041.25,672,168.00,0,0.00,0,0.00
375,21,2691,128.14,2629,125.19,29180,1389.52,309,14.71,0,0.00,0,0.00
376,2,455,227.50,143,71.50,8126,4063.00,1999,999.50,0,0.00,0,0.00
377,5,926,185.20,680,136.00,9852,1970.40,969,193.80,0,0.00,0,0.00
378,31,279,9.00,558,18.00,42129,1359.00,1395,45.00,0,0.00,0,0.00
379,3,659,219.67,617,205.67,11207,3735.67,11931,3977.00,0,0.00,0,0.00
381,1,143,143.00,125,125.00,2177,2177.00,39,39.00,0,0.00,0,0.00
382,1,133,133.00,117,117.00,2859,2859.00,405,405.00,0,0.00,0,0.00
384,4,186,46.50,209,52.25,6873,1718.25,139,34.75,0,0.00,0,0.00
385,1,83,83.00,83,83.00,2196,2196.00,0,0.00,0,0.00,0,0.00
386,1,21,21.00,24,24.00,1417,1417.00,45,45.00,0,0.00,0,0.00
387,2,359,179.50,106,53.00,13012,6506.00,878,439.00,0,0.00,0,0.00
388,2,1424,712.00,1976,988.00,8500,4250.00,1200,600.00,0,0.00,0,0.00
390,4,775,193.75,522,130.50,10827,2706.75,973,243.25,0,0.00,0,0.00
393,1,131,131.00,123,123.00,1849,1849.00,72,72.00,0,0.00,0,0.00
394,1,158,158.00,156,156.00,2212,2212.00,410,410.00,0,0.00,0,0.00
396,7,1705,243.57,1362,194.57,12374,1767.71,837,119.57,0,0.00,0,0.00
397,8,1442,180.25,1070,133.75,55832,6979.00,14443,1805.38,0,0.00,0,0.00
399,1,379,379.00,258,258.00,2084,2084.00,246,246.00,0,0.00,0,0.00
401,3,506,168.67,371,123.67,7476,2492.00,613,204.33,0,0.00,0,0.00
402,2,202,101.00,160,80.00,13649,6824.50,1053,526.50,0,0.00,0,0.00
403,2,494,247.00,110,55.00,14352,7176.00,3250,1625.00,0,0.00,0,0.00
404,2,439,219.50,737,368.50,1353,676.50,0,0.00,0,0.00,0,0.00
405,2,535,267.50,295,147.50,12722,6361.00,17059,8529.50,0,0.00,0,0.00
406,1,233,233.00,188,188.00,2562,2562.00,488,488.00,0,0.00,0,0.00
407,2,350,175.00,102,51.00,15676,7838.00,7234,3617.00,0,0.00,0,0.00
408,1,222,222.00,266,266.00,5155,5155.00,61,61.00,0,0.00,0,0.00
409,2,624,312.00,331,165.50,10602,5301.00,1248,624.00,0,0.00,0,0.00
411,1,254,254.00,149,149.00,3647,3647.00,389,389.00,0,0.00,0,0.00
412,1,236,236.00,182,182.00,1353,1353.00,0,0.00,0,0.00,0,0.00
413,1,129,129.00,158,158.00,3111,3111.00,0,0.00,0,0.00,0,0.00
416,1,291,291.00,201,201.00,4235,4235.00,1366,1366.00,0,0.00,0,0.00
419,1,129,129.00,126,126.00,1425,1425.00,9,9.00,0,0.00,0,0.00
420,29,1580,54.48,1165,40.17,51995,1792.93,8530,294.14,0,0.00,0,0.00
422,4,190,47.50,166,41.50,12870,3217.50,690,172.50,0,0.00,0,0.00
423,4,576,144.00,252,63.00,40428,10107.00,1620,405.00,0,0.00,0,0.00
425,1,163,163.00,335,335.00,2766,2766.00,33,33.00,0,0.00,0,0.00
426,4,52,13.00,88,22.00,6132,1533.00,204,51.00,0,0.00,0,0.00
427,6,986,164.33,497,82.83,32265,5377.50,8074,1345.67,0,0.00,0,0.00
428,3,402,134.00,237,79.00,15034,5011.33,1415,471.67,0,0.00,0,0.00
429,3,791,263.67,460,153.33,15260,5086.67,5733,1911.00,0,0.00,8,2.67
430,4,609,152.25,254,63.50,17756,4439.00,9615,2403.75,0,0.00,0,0.00
431,2,260,130.00,240,120.00,3550,1775.00,119,59.50,0,0.00,0,0.00
432,2,371,185.50,251,125.50,5213,2606.50,1408,704.00,0,0.00,0,0.00
433,1,63,63.00,124,124.00,3255,3255.00,0,0.00,0,0.00,0,0.00
434,1,387,387.00,258,258.00,2190,2190.00,258,258.00,0,0.00,0,0.00
435,1,209,209.00,166,166.00,2224,2224.00,348,348.00,0,0.00,0,0.00
437,2,1748,874.00,1748,874.00,0,0.00,0,0.00,0,0.00,0,0.00
438,2,325,162.50,338,169.00,4086,2043.00,935,467.50,0,0.00,0,0.00
439,1,195,195.00,130,130.00,2626,2626.00,923,923.00,0,0.00,0,0.00
440,1,440,440.00,440,440.00,0,0.00,0,0.00,0,0.00,0,0.00
441,2,412,206.00,188,94.00,12399,6199.50,708,354.00,0,0.00,2,1.00
444,1,8,8.00,8,8.00,6167,6167.00,484,484.00,0,0.00,8,8.00
445,1,257,257.00,213,213.00,5229,5229.00,58,58.00,0,0.00,0,0.00
446,1,674,674.00,626,626.00,6432,6432.00,608,608.00,0,0.00,0,0.00
448,1,218,218.00,143,143.00,2623,2623.00,488,488.00,0,0.00,0,0.00
449,1,55,55.00,37,37.00,9702,9702.00,648,648.00,0,0.00,0,0.00
450,2,648,324.00,540,270.00,11024,5512.00,450,225.00,0,0.00,0,0.00
451,1,277,277.00,106,106.00,3390,3390.00,503,503.00,0,0.00,0,0.00
452,1,594,594.00,77,77.00,8465,8465.00,5388,5388.00,0,0.00,0,0.00
453,2,364,182.00,165,82.50,7017,3508.50,896,448.00,0,0.00,0,0.00
454,2,379,189.50,217,108.50,6998,3499.00,875,437.50,0,0.00,0,0.00
456,4,1023,255.75,1209,302.25,11522,2880.50,1328,332.00,0,0.00,0,0.00
457,1,308,308.00,221,221.00,3312,3312.00,130,130.00,0,0.00,0,0.00
458,1,195,195.00,70,70.00,2384,2384.00,615,615.00,0,0.00,0,0.00
459,2,629,314.50,275,137.50,33144,16572.00,22649,11324.50,0,0.00,0,0.00
460,1,216,216.00,144,144.00,2738,2738.00,937,937.00,0,0.00,0,0.00
464,1,216,216.00,152,152.00,2738,2738.00,937,937.00,0,0.00,0,0.00
468,2,315,157.50,171,85.50,7785,3892.50,13113,6556.50,0,0.00,18,9.00
474,2620,551570,210.52,525595,200.61,4771102,1821.03,41291,15.76,0,0.00,158,0.06
475,3,948,316.00,474,158.00,5688,1896.00,474,158.00,0,0.00,0,0.00
476,124,28174,227.21,22736,183.35,232260,1873.06,5688,45.87,0,0.00,0,0.00
477,2,333,166.50,204,102.00,17003,8501.50,1023,511.50,0,0.00,0,0.00
478,1,158,158.00,158,158.00,1758,1758.00,2,2.00,0,0.00,0,0.00
480,592,96718,163.38,96837,163.58,1051827,1776.73,1196,2.02,0,0.00,0,0.00
481,1,131,131.00,163,163.00,3146,3146.00,120,120.00,0,0.00,0,0.00
482,2,478,239.00,320,160.00,3700,1850.00,158,79.00,0,0.00,0,0.00
483,91,15310,168.24,15522,170.57,4303741,47293.86,3269575,35929.40,97281,1069.02,9,0.10
484,191,63776,333.91,63458,332.24,504074,2639.13,518,2.71,0,0.00,0,0.00
485,2,338,169.00,338,169.00,3476,1738.00,0,0.00,0,0.00,0,0.00
486,5,1692,338.40,1534,306.80,12956,2591.20,0,0.00,0,0.00,0,0.00
487,3,579,193.00,369,123.00,28728,9576.00,9558,3186.00,0,0.00,0,0.00
488,9,3423,380.33,3778,419.78,49721,5524.56,4603,511.44,0,0.00,0,0.00
489,7,1180,168.57,1189,169.86,12356,1765.14,0,0.00,0,0.00,0,0.00
490,5,1106,221.20,788,157.60,38818,7763.60,1354,270.80,0,0.00,0,0.00
492,2,501,250.50,343,171.50,3661,1830.50,167,83.50,0,0.00,0,0.00
493,6,2069,344.83,983,163.83,41228,6871.33,10966,1827.67,0,0.00,0,0.00
494,3,640,213.33,627,209.00,8154,2718.00,641,213.67,0,0.00,0,0.00
495,3,645,215.00,371,123.67,20535,6845.00,1074,358.00,0,0.00,9,3.00
496,1,508,508.00,514,514.00,0,0.00,0,0.00,0,0.00,0,0.00
498,1,110,110.00,406,406.00,6700,6700.00,180,180.00,0,0.00,0,0.00
500,2,516,258.00,503,251.50,5591,2795.50,417,208.50,0,0.00,11,5.50
501,9,1828,203.11,1521,169.00,18537,2059.67,0,0.00,0,0.00,0,0.00
504,337,107710,319.61,56458,167.53,690385,2048.62,53503,158.76,0,0.00,79,0.23
506,277,90872,328.06,47106,170.06,555662,2006.00,43766,158.00,0,0.00,0,0.00
507,1,171,171.00,171,171.00,1871,1871.00,0,0.00,0,0.00,0,0.00
508,1,330,330.00,176,176.00,2006,2006.00,158,158.00,0,0.00,0,0.00
510,30,9251,308.37,4873,162.43,93729,3124.30,9170,305.67,0,0.00,0,0.00
512,1,247,247.00,245,245.00,4951,4951.00,760,760.00,0,0.00,32,32.00
513,5,1783,356.60,1552,310.40,18875,3775.00,436,87.20,0,0.00,0,0.00
514,1,283,283.00,240,240.00,2844,2844.00,471,471.00,0,0.00,0,0.00
517,1,203,203.00,73,73.00,9906,9906.00,3186,3186.00,0,0.00,0,0.00
518,1,42,42.00,34,34.00,3784,3784.00,140,140.00,0,0.00,0,0.00
519,20,4048,202.40,3367,168.35,39716,1985.80,1176,58.80,0,0.00,0,0.00
520,2,350,175.00,190,95.00,8650,4325.00,14570,7285.00,0,0.00,20,10.00
522,1,522,522.00,522,522.00,0,0.00,0,0.00,0,0.00,0,0.00
523,1,247,247.00,163,163.00,3970,3970.00,144,144.00,0,0.00,0,0.00
524,5,1970,394.00,1642,328.40,13662,2732.40,1201,240.20,0,0.00,0,0.00
525,3,924,308.00,472,157.33,9983,3327.67,4537,1512.33,0,0.00,0,0.00
528,3,750,250.00,692,230.67,22342,7447.33,1378,459.33,0,0.00,0,0.00
532,2,384,192.00,328,164.00,13060,6530.00,1160,580.00,0,0.00,0,0.00
533,1,39,39.00,19,19.00,5104,5104.00,825,825.00,0,0.00,0,0.00
536,1,406,406.00,246,246.00,2058,2058.00,166,166.00,0,0.00,0,0.00
537,7887,2027253,257.04,1823496,231.20,17214324,2182.62,423431,53.69,0,0.00,5728,0.73
538,1,88,88.00,50,50.00,5454,5454.00,266,266.00,0,0.00,12,12.00
539,1,56,56.00,29,29.00,12750,12750.00,1509,1509.00,0,0.00,4,4.00
540,2,54,27.00,18,9.00,16578,8289.00,3276,1638.00,0,0.00,0,0.00
542,1,344,344.00,170,170.00,2236,2236.00,430,430.00,0,0.00,0,0.00
543,2,456,228.00,179,89.50,4314,2157.00,662,331.00,0,0.00,9,4.50
546,1,112,112.00,73,73.00,7733,7733.00,469,469.00,0,0.00,0,0.00
547,1,294,294.00,85,85.00,4561,4561.00,800,800.00,0,0.00,0,0.00
548,1,196,196.00,88,88.00,11624,11624.00,450,450.00,0,0.00,0,0.00
549,9,3108,345.33,2752,305.78,27971,3107.89,1158,128.67,0,0.00,9,1.00
550,1,90,90.00,20,20.00,7610,7610.00,430,430.00,0,0.00,10,10.00
554,1,260,260.00,275,275.00,3989,3989.00,651,651.00,0,0.00,0,0.00
555,16,3113,194.56,2672,167.00,35215,2200.94,2934,183.38,0,0.00,0,0.00
558,1,160,160.00,162,162.00,2040,2040.00,10,10.00,0,0.00,0,0.00
560,4,140,35.00,140,35.00,28140,7035.00,0,0.00,0,0.00,0,0.00
561,1,309,309.00,65,65.00,4497,4497.00,671,671.00,0,0.00,0,0.00
562,2,720,360.00,348,174.00,13596,6798.00,1476,738.00,0,0.00,0,0.00
563,1,185,185.00,126,126.00,5230,5230.00,549,549.00,0,0.00,0,0.00
564,1,504,504.00,346,346.00,2858,2858.00,316,316.00,0,0.00,0,0.00
566,2,394,197.00,330,165.00,9675,4837.50,736,368.00,0,0.00,0,0.00
570,4,1521,380.25,1371,342.75,16174,4043.50,792,198.00,0,0.00,0,0.00
571,1,207,207.00,91,91.00,10710,10710.00,2475,2475.00,0,0.00,0,0.00
573,9,1827,203.00,1503,167.00,20745,2305.00,2916,324.00,0,0.00,0,0.00
574,1,197,197.00,128,128.00,5292,5292.00,571,571.00,0,0.00,0,0.00
575,2,398,199.00,278,139.00,16510,8255.00,3009,1504.50,0,0.00,0,0.00
576,1,198,198.00,125,125.00,5343,5343.00,582,582.00,0,0.00,0,0.00
577,5,1340,268.00,706,141.20,53348,10669.60,20687,4137.40,0,0.00,0,0.00
580,3,789,263.00,686,228.67,36150,12050.00,11674,3891.33,317,105.67,8,2.67
582,1,318,318.00,117,117.00,4475,4475.00,671,671.00,0,0.00,0,0.00
583,3,813,271.00,219,73.00,32670,10890.00,11340,3780.00,0,0.00,0,0.00
585,1,144,144.00,63,63.00,11061,11061.00,405,405.00,0,0.00,0,0.00
587,1,68,68.00,31,31.00,4956,4956.00,332,332.00,0,0.00,10,10.00
588,7,5404,772.00,7056,1008.00,59570,8510.00,16030,2290.00,0,0.00,0,0.00
590,1,198,198.00,90,90.00,11864,11864.00,450,450.00,0,0.00,0,0.00
591,10,2120,212.00,1670,167.00,24220,2422.00,4950,495.00,0,0.00,0,0.00
592,1,138,138.00,24,24.00,19986,19986.00,25102,25102.00,538,538.00,0,0.00
597,1,216,216.00,171,171.00,2456,2456.00,495,495.00,0,0.00,0,0.00
600,1,30,30.00,10,10.00,9210,9210.00,1820,1820.00,0,0.00,0,0.00
602,1,617,617.00,184,184.00,7321,7321.00,3761,3761.00,0,0.00,0,0.00
603,1,63,63.00,18,18.00,7029,7029.00,657,657.00,0,0.00,9,9.00
604,1,83,83.00,144,144.00,2260,2260.00,238,238.00,0,0.00,0,0.00
607,4,960,240.00,328,82.00,47452,11863.00,18216,4554.00,0,0.00,0,0.00
609,12,2652,221.00,2004,167.00,30468,2539.00,8424,702.00,0,0.00,0,0.00
610,2,644,322.00,624,312.00,9266,4633.00,1830,915.00,0,0.00,0,0.00
612,1,27,27.00,9,9.00,11106,11106.00,1971,1971.00,0,0.00,0,0.00
615,16,4182,261.38,3813,238.31,74784,4674.00,1353,84.56,0,0.00,0,0.00
616,4,1152,288.00,763,190.75,19373,4843.25,925,231.25,0,0.00,10,2.50
617,3,648,216.00,575,191.67,11235,3745.00,369,123.00,0,0.00,0,0.00
618,2,580,290.00,407,203.50,8924,4462.00,605,302.50,0,0.00,0,0.00
620,1,247,247.00,157,157.00,9343,9343.00,691,691.00,0,0.00,0,0.00
621,2,373,186.50,508,254.00,7777,3888.50,620,310.00,0,0.00,0,0.00
623,1,248,248.00,260,260.00,3444,3444.00,615,615.00,0,0.00,0,0.00
627,8,2026,253.25,1397,174.62,28087,3510.88,14697,1837.12,0,0.00,0,0.00
628,1,199,199.00,173,173.00,5336,5336.00,571,571.00,0,0.00,0,0.00
629,2,411,205.50,357,178.50,5414,2707.00,1417,708.50,0,0.00,0,0.00
630,1,290,290.00,165,165.00,5907,5907.00,72,72.00,0,0.00,0,0.00
631,1,249,249.00,248,248.00,5181,5181.00,2,2.00,0,0.00,0,0.00
632,29,9322,321.45,10744,370.48,49454,1705.31,0,0.00,0,0.00,0,0.00
635,1,408,408.00,199,199.00,30971,30971.00,11139,11139.00,144,144.00,8,8.00
636,1,280,280.00,105,105.00,19005,19005.00,2065,2065.00,0,0.00,0,0.00
638,5,2296,459.20,2168,433.60,14150,2830.00,2640,528.00,0,0.00,0,0.00
639,3,715,238.33,612,204.00,20451,6817.00,1959,653.00,0,0.00,9,3.00
640,2,120,60.00,56,28.00,26000,13000.00,3824,1912.00,796,398.00,16,8.00
641,1,948,948.00,632,632.00,2528,2528.00,0,0.00,0,0.00,0,0.00
644,1,283,283.00,299,299.00,3422,3422.00,228,228.00,0,0.00,0,0.00
645,7,1673,239.00,1169,167.00,19411,2773.00,8568,1224.00,0,0.00,0,0.00
646,1,168,168.00,91,91.00,19581,19581.00,2671,2671.00,0,0.00,0,0.00
655,1,114,114.00,36,36.00,31870,31870.00,10890,10890.00,0,0.00,0,0.00
659,3,501,167.00,501,167.00,8436,2812.00,0,0.00,0,0.00,0,0.00
662,2,396,198.00,396,198.00,5952,2976.00,0,0.00,0,0.00,0,0.00
663,6,1488,248.00,1002,167.00,17340,2890.00,9234,1539.00,0,0.00,0,0.00
667,2,393,196.50,219,109.50,16560,8280.00,6351,3175.50,0,0.00,0,0.00
670,2,268,134.00,110,55.00,20154,10077.00,1180,590.00,0,0.00,10,5.00
672,4,32,8.00,32,8.00,20192,5048.00,1600,400.00,0,0.00,64,16.00
673,4,982,245.50,431,107.75,35569,8892.25,11176,2794.00,0,0.00,16,4.00
674,1,388,388.00,259,259.00,4947,4947.00,312,312.00,0,0.00,0,0.00
675,3,1371,457.00,645,215.00,74043,24681.00,61581,20527.00,0,0.00,12,4.00
681,7,1799,257.00,1169,167.00,21049,3007.00,13230,1890.00,0,0.00,0,0.00
682,17,16286,958.00,8568,504.00,83844,4932.00,0,0.00,0,0.00,0,0.00
688,9,7791,865.67,4770,530.00,52486,5831.78,4011,445.67,0,0.00,0,0.00
689,1,30,30.00,28,28.00,12340,12340.00,2190,2190.00,0,0.00,0,0.00
693,1,684,684.00,351,351.00,15732,15732.00,53298,53298.00,0,0.00,0,0.00
699,10,2488,248.80,1439,143.90,61293,6129.30,29109,2910.90,0,0.00,12,1.20
701,1,270,270.00,171,171.00,3124,3124.00,2277,2277.00,0,0.00,0,0.00
707,2,327,163.50,110,55.00,20768,10384.00,7296,3648.00,0,0.00,0,0.00
708,1,65,65.00,63,63.00,8743,8743.00,11,11.00,0,0.00,0,0.00
710,3,1818,606.00,2100,700.00,36490,12163.33,8750,2916.67,0,0.00,10,3.33
716,132,79834,604.80,46361,351.22,497799,3771.20,716,5.42,0,0.00,537,4.07
717,4,1100,275.00,668,167.00,12964,3241.00,10800,2700.00,0,0.00,0,0.00
719,3,853,284.33,357,119.00,31133,10377.67,15174,5058.00,0,0.00,0,0.00
720,1,158,158.00,281,281.00,4690,4690.00,0,0.00,0,0.00,0,0.00
722,1,131,131.00,117,117.00,7941,7941.00,2,2.00,0,0.00,0,0.00
723,1,289,289.00,93,93.00,13972,13972.00,6275,6275.00,0,0.00,0,0.00
724,1,254,254.00,88,88.00,14650,14650.00,10768,10768.00,0,0.00,0,0.00
725,1,56,56.00,56,56.00,8846,8846.00,16,16.00,0,0.00,0,0.00
730,1,360,360.00,10,10.00,4660,4660.00,24850,24850.00,0,0.00,0,0.00
732,1,793,793.00,183,183.00,8418,8418.00,6344,6344.00,0,0.00,0,0.00
735,4,1147,286.75,594,148.50,24124,6031.00,15914,3978.50,0,0.00,0,0.00
738,2,861,430.50,738,369.00,15498,7749.00,984,492.00,0,0.00,0,0.00
740,1,549,549.00,363,363.00,6444,6444.00,507,507.00,0,0.00,0,0.00
742,1,39,39.00,41,41.00,17073,17073.00,1281,1281.00,0,0.00,18,18.00
748,1,218,218.00,378,378.00,11342,11342.00,732,732.00,0,0.00,0,0.00
750,2,730,365.00,60,30.00,64340,32170.00,38430,19215.00,0,0.00,0,0.00
753,3,879,293.00,501,167.00,10425,3475.00,10962,3654.00,0,0.00,0,0.00
754,1,333,333.00,158,158.00,7198,7198.00,910,910.00,0,0.00,0,0.00
755,1,295,295.00,169,169.00,3475,3475.00,3654,3654.00,0,0.00,0,0.00
756,1,9,9.00,9,9.00,5679,5679.00,450,450.00,0,0.00,18,18.00
757,3,822,274.00,450,150.00,45981,15327.00,24057,8019.00,0,0.00,0,0.00
758,1,50,50.00,20,20.00,7388,7388.00,1200,1200.00,0,0.00,0,0.00
759,1,758,758.00,398,398.00,17010,17010.00,56000,56000.00,0,0.00,0,0.00
761,1,119,119.00,211,211.00,11966,11966.00,649,649.00,0,0.00,0,0.00
762,1,208,208.00,188,188.00,4806,4806.00,160,160.00,0,0.00,0,0.00
763,2,670,335.00,182,91.00,29528,14764.00,13894,6947.00,0,0.00,0,0.00
768,1,568,568.00,708,708.00,944,944.00,0,0.00,0,0.00,0,0.00
771,1,302,302.00,167,167.00,3592,3592.00,4185,4185.00,0,0.00,0,0.00
779,1,778,778.00,408,408.00,17480,17480.00,59220,59220.00,0,0.00,0,0.00
780,1,348,348.00,160,160.00,16662,16662.00,3216,3216.00,0,0.00,0,0.00
786,1,158,158.00,158,158.00,3298,3298.00,156,156.00,0,0.00,0,0.00
787,1,314,314.00,100,100.00,15777,15777.00,8019,8019.00,0,0.00,0,0.00
788,4,3328,832.00,4112,1028.00,51080,12770.00,20240,5060.00,0,0.00,0,0.00
789,2,634,317.00,323,161.50,12021,6010.50,4752,2376.00,0,0.00,0,0.00
790,139,43924,316.00,44556,320.55,657438,4729.77,32548,234.16,0,0.00,0,0.00
791,1,158,158.00,474,474.00,5530,5530.00,0,0.00,0,0.00,0,0.00
792,15,3372,224.80,5898,393.20,76472,5098.13,2212,147.47,0,0.00,0,0.00
793,4,974,243.50,1739,434.75,26411,6602.75,3477,869.25,0,0.00,0,0.00
794,1,120,120.00,136,136.00,4952,4952.00,183,183.00,0,0.00,0,0.00
796,2,636,318.00,638,319.00,12690,6345.00,0,0.00,0,0.00,0,0.00
799,2,659,329.50,686,343.00,8848,4424.00,1580,790.00,0,0.00,0,0.00
800,1,474,474.00,316,316.00,5846,5846.00,316,316.00,0,0.00,0,0.00
812,1,478,478.00,320,320.00,6082,6082.00,316,316.00,0,0.00,0,0.00
817,1,411,411.00,127,127.00,8188,8188.00,949,949.00,0,0.00,0,0.00
819,1,810,810.00,414,414.00,18693,18693.00,75852,75852.00,0,0.00,0,0.00
829,1,393,393.00,43,43.00,5023,5023.00,7350,7350.00,0,0.00,0,0.00
833,1,154,154.00,55,55.00,33345,33345.00,5733,5733.00,0,0.00,0,0.00
835,16,2672,167.00,5200,325.00,92368,5773.00,0,0.00,0,0.00,0,0.00
836,1,408,408.00,408,408.00,6320,6320.00,0,0.00,0,0.00,0,0.00
837,2,342,171.00,658,329.00,11546,5773.00,0,0.00,0,0.00,0,0.00
840,1,10,10.00,10,10.00,6310,6310.00,500,500.00,0,0.00,20,20.00
841,2,338,169.00,654,327.00,11590,5795.00,0,0.00,0,0.00,0,0.00
845,1,171,171.00,327,327.00,5821,5821.00,6,6.00,0,0.00,0,0.00
846,1,320,320.00,219,219.00,6997,6997.00,581,581.00,0,0.00,0,0.00
847,2,602,301.00,318,159.00,34488,17244.00,20232,10116.00,0,0.00,0,0.00
853,1,382,382.00,100,100.00,16761,16761.00,8910,8910.00,0,0.00,0,0.00
854,1,381,381.00,255,255.00,13120,13120.00,994,994.00,0,0.00,0,0.00
861,2,593,296.50,290,145.00,10819,5409.50,7503,3751.50,0,0.00,0,0.00
864,1,372,372.00,248,248.00,5182,5182.00,1847,1847.00,0,0.00,0,0.00
865,1,181,181.00,327,327.00,5951,5951.00,156,156.00,0,0.00,0,0.00
868,1,3872,3872.00,2604,2604.00,960,960.00,120,120.00,0,0.00,0,0.00
869,1,183,183.00,327,327.00,5977,5977.00,210,210.00,0,0.00,0,0.00
870,1,250,250.00,125,125.00,6698,6698.00,153,153.00,0,0.00,0,0.00
872,1,326,326.00,322,322.00,8336,8336.00,144,144.00,0,0.00,0,0.00
877,1,351,351.00,109,109.00,17095,17095.00,6921,6921.00,576,576.00,0,0.00
888,1,862,862.00,1038,1038.00,14900,14900.00,6850,6850.00,0,0.00,0,0.00
889,1,492,492.00,352,352.00,7124,7124.00,397,397.00,0,0.00,0,0.00
890,1,440,440.00,10,10.00,5700,5700.00,37410,37410.00,0,0.00,0,0.00
891,1,80,80.00,98,98.00,39335,39335.00,4192,4192.00,0,0.00,12,12.00
895,803,329360,410.16,286042,356.22,4586875,5712.17,440698,548.81,0,0.00,0,0.00
903,1,1086,1086.00,537,537.00,8692,8692.00,1329,1329.00,0,0.00,0,0.00
904,2,876,438.00,484,242.00,24716,12358.00,1588,794.00,0,0.00,0,0.00
910,1,16,16.00,2,2.00,4968,4968.00,260,260.00,880,880.00,10,10.00
911,1,722,722.00,347,347.00,11350,11350.00,3278,3278.00,0,0.00,0,0.00
916,1,334,334.00,136,136.00,18085,18085.00,16164,16164.00,0,0.00,0,0.00
919,1,918,918.00,478,478.00,20770,20770.00,84280,84280.00,0,0.00,0,0.00
927,1,918,918.00,468,468.00,21231,21231.00,98343,98343.00,0,0.00,0,0.00
937,4,1312,328.00,672,168.00,76644,19161.00,49824,12456.00,0,0.00,0,0.00
939,1,332,332.00,172,172.00,19161,19161.00,12456,12456.00,0,0.00,0,0.00
943,3,1307,435.67,327,109.00,56354,18784.67,33368,11122.67,0,0.00,0,0.00
948,14,11850,846.43,12008,857.71,13272,948.00,2528,180.57,0,0.00,0,0.00
950,1,580,580.00,328,328.00,9729,9729.00,54,54.00,0,0.00,0,0.00
954,1,440,440.00,178,178.00,4905,4905.00,861,861.00,0,0.00,0,0.00
962,5,2920,584.00,1040,208.00,51650,10330.00,6550,1310.00,0,0.00,0,0.00
967,1,388,388.00,118,118.00,19691,19691.00,12456,12456.00,0,0.00,0,0.00
976,2,229,114.50,117,58.50,58317,29158.50,6096,3048.00,0,0.00,0,0.00
978,1,21,21.00,19,19.00,15518,15518.00,1268,1268.00,0,0.00,18,18.00
984,1,369,369.00,246,246.00,8118,8118.00,1353,1353.00,0,0.00,0,0.00
985,1,371,371.00,248,248.00,8118,8118.00,1353,1353.00,0,0.00,0,0.00
988,5,3644,728.80,3796,759.20,66894,13378.80,27046,5409.20,0,0.00,0,0.00
990,1,362,362.00,149,149.00,17859,17859.00,2911,2911.00,0,0.00,0,0.00
999,1,313,313.00,55,55.00,11954,11954.00,3913,3913.00,0,0.00,0,0.00
1010,1,500,500.00,10,10.00,6480,6480.00,48510,48510.00,0,0.00,0,0.00
1017,20,5760,288.00,1620,81.00,763560,38178.00,149760,7488.00,0,0.00,0,0.00
1019,1,290,290.00,83,83.00,38178,38178.00,7488,7488.00,0,0.00,0,0.00
1023,1,290,290.00,83,83.00,38200,38200.00,7488,7488.00,0,0.00,0,0.00
1024,1,126,126.00,26,26.00,45386,45386.00,15622,15622.00,972,972.00,0,0.00
1026,1,74,74.00,61,61.00,58381,58381.00,6309,6309.00,0,0.00,18,18.00
1027,4,1420,355.00,708,177.00,84312,21078.00,60156,15039.00,0,0.00,0,0.00
1029,1,288,288.00,81,81.00,38178,38178.00,7488,7488.00,0,0.00,0,0.00
1039,2,1536,768.00,581,290.50,29978,14989.00,121555,60777.50,0,0.00,0,0.00
1044,1,158,158.00,316,316.00,2782,2782.00,0,0.00,0,0.00,10,10.00
1053,1,1044,1044.00,531,531.00,24192,24192.00,128268,128268.00,0,0.00,0,0.00
1055,1,1046,1046.00,533,533.00,24192,24192.00,128268,128268.00,0,0.00,0,0.00
1062,4,3088,772.00,872,218.00,52368,13092.00,9160,2290.00,0,0.00,0,0.00
1064,1,139,139.00,139,139.00,8533,8533.00,0,0.00,0,0.00,32,32.00
1066,1,551,551.00,382,382.00,9786,9786.00,506,506.00,0,0.00,0,0.00
1071,1,1062,1062.00,540,540.00,23971,23971.00,69151,69151.00,620,620.00,0,0.00
1074,23,17005,739.35,16468,716.00,67304,2926.26,6086,264.61,0,0.00,0,0.00
1084,1,406,406.00,62,62.00,74482,74482.00,14450,14450.00,1046,1046.00,0,0.00
1088,2,1844,922.00,2116,1058.00,38320,19160.00,22480,11240.00,0,0.00,0,0.00
1092,1,186,186.00,284,284.00,17310,17310.00,1051,1051.00,0,0.00,0,0.00
1104,1,384,384.00,200,200.00,32836,32836.00,1830,1830.00,0,0.00,0,0.00
1106,31,18960,611.61,12482,402.65,181700,5861.29,37130,1197.74,0,0.00,0,0.00
1110,2,1114,557.00,412,206.00,45501,22750.50,6172,3086.00,0,0.00,0,0.00
1112,6,6648,1108.00,6648,1108.00,132,22.00,0,0.00,0,0.00,0,0.00
1116,10,8980,898.00,5468,546.80,148216,14821.60,11554,1155.40,0,0.00,0,0.00
1117,4,1766,441.50,686,171.50,77997,19499.25,54948,13737.00,0,0.00,0,0.00
1118,2,1594,797.00,786,393.00,25286,12643.00,2459,1229.50,0,0.00,0,0.00
1123,2,1086,543.00,254,127.00,45664,22832.00,32554,16277.00,0,0.00,0,0.00
1126,3,2400,800.00,978,326.00,20946,6982.00,9984,3328.00,0,0.00,0,0.00
1127,1,1118,1118.00,569,569.00,25164,25164.00,81270,81270.00,720,720.00,0,0.00
1130,18,5760,320.00,1620,90.00,763560,42420.00,149760,8320.00,0,0.00,0,0.00
1131,2,512,256.00,188,94.00,23648,11824.00,25387,12693.50,1114,557.00,2,1.00
1132,1,326,326.00,96,96.00,42420,42420.00,8320,8320.00,0,0.00,0,0.00
1133,3,1476,492.00,1002,334.00,20367,6789.00,7110,2370.00,0,0.00,0,0.00
1134,5,1900,380.00,1384,276.80,61588,12317.60,7666,1533.20,0,0.00,164,32.80
1136,4,1288,322.00,368,92.00,169768,42442.00,33280,8320.00,0,0.00,0,0.00
1137,1,101,101.00,86,86.00,14865,14865.00,428,428.00,0,0.00,0,0.00
1143,1,386,386.00,253,253.00,10567,10567.00,1159,1159.00,0,0.00,0,0.00
1149,1,491,491.00,167,167.00,6049,6049.00,23652,23652.00,0,0.00,0,0.00
1150,2,1140,570.00,20,10.00,14780,7390.00,126560,63280.00,0,0.00,0,0.00
1151,1,653,653.00,196,196.00,9012,9012.00,1353,1353.00,0,0.00,0,0.00
1161,1,399,399.00,252,252.00,10770,10770.00,1173,1173.00,0,0.00,0,0.00
1162,1,960,960.00,228,228.00,15854,15854.00,3540,3540.00,0,0.00,0,0.00
1170,1,580,580.00,10,10.00,6820,6820.00,32920,32920.00,680,680.00,0,0.00
1174,1,516,516.00,334,334.00,7110,7110.00,3702,3702.00,0,0.00,0,0.00
1175,1,517,517.00,335,335.00,7110,7110.00,3702,3702.00,0,0.00,0,0.00
1176,5,9522,1904.40,890,178.00,59208,11841.60,12482,2496.40,0,0.00,0,0.00
1179,1,1178,1178.00,608,608.00,26880,26880.00,142520,142520.00,0,0.00,0,0.00
1185,1,1180,1180.00,610,610.00,26902,26902.00,142520,142520.00,0,0.00,0,0.00
1188,5,4760,952.00,5340,1068.00,106450,21290.00,69200,13840.00,0,0.00,0,0.00
1199,1,1198,1198.00,618,618.00,26630,26630.00,76910,76910.00,690,690.00,0,0.00
1207,1,409,409.00,195,195.00,24912,24912.00,20934,20934.00,0,0.00,0,0.00
1213,3,1760,586.67,408,136.00,74447,24815.67,57626,19208.67,0,0.00,0,0.00
1230,1,610,610.00,10,10.00,7090,7090.00,39010,39010.00,800,800.00,0,0.00
1233,1,248,248.00,247,247.00,12066,12066.00,1,1.00,0,0.00,246,246.00
1240,1,252,252.00,373,373.00,19508,19508.00,4,4.00,0,0.00,0,0.00
1247,1,356,356.00,179,179.00,5696,5696.00,885,885.00,0,0.00,0,0.00
1253,257,244514,951.42,96302,374.72,2270973,8836.47,590521,2297.75,0,0.00,0,0.00
1254,1,252,252.00,252,252.00,12156,12156.00,0,0.00,0,0.00,492,492.00
1255,1,273,273.00,112,112.00,50115,50115.00,16720,16720.00,0,0.00,0,0.00
1262,4,4592,1148.00,952,238.00,74464,18616.00,20240,5060.00,0,0.00,0,0.00
1264,12,9954,829.50,10270,855.83,53088,4424.00,1738,144.83,0,0.00,0,0.00
1265,1,1260,1260.00,650,650.00,27982,27982.00,90300,90300.00,800,800.00,0,0.00
1270,2,2532,1266.00,2532,1266.00,44,22.00,0,0.00,0,0.00,0,0.00
1275,2,760,380.00,321,160.50,21338,10669.00,34056,17028.00,0,0.00,0,0.00
1276,3,5582,1860.67,564,188.00,41030,13676.67,7634,2544.67,0,0.00,0,0.00
1282,1,576,576.00,345,345.00,12330,12330.00,2343,2343.00,0,0.00,0,0.00
1288,4,3928,982.00,4312,1078.00,93680,23420.00,66840,16710.00,0,0.00,0,0.00
1297,2,872,436.00,408,204.00,53658,26829.00,48492,24246.00,0,0.00,0,0.00
1303,3,1811,603.67,435,145.00,80078,26692.67,67070,22356.67,0,0.00,0,0.00
1353,3,369,123.00,369,123.00,26568,8856.00,1107,369.00,0,0.00,0,0.00
1361,1,778,778.00,123,123.00,21125,21125.00,3342,3342.00,0,0.00,0,0.00
1362,7,9352,1336.00,1736,248.00,149646,21378.00,47950,6850.00,0,0.00,0,0.00
1376,8,12176,1522.00,1584,198.00,114656,14332.00,20544,2568.00,0,0.00,0,0.00
1382,1,38,38.00,28,28.00,33580,33580.00,2502,2502.00,0,0.00,36,36.00
1383,1,608,608.00,167,167.00,7570,7570.00,43659,43659.00,0,0.00,0,0.00
1388,3,3036,1012.00,3264,1088.00,76650,25550.00,59550,19850.00,0,0.00,0,0.00
1393,1,704,704.00,154,154.00,28903,28903.00,25831,25831.00,0,0.00,0,0.00
1400,1,245,245.00,35,35.00,28140,28140.00,2660,2660.00,0,0.00,0,0.00
1406,1,42,42.00,40,40.00,22494,22494.00,1789,1789.00,0,0.00,26,26.00
1422,22,16748,761.27,9480,430.91,151364,6880.18,57196,2599.82,0,0.00,0,0.00
1424,6,3492,582.00,1278,213.00,46610,7768.33,19908,3318.00,0,0.00,0,0.00
1428,3,2692,897.33,2062,687.33,17768,5922.67,9480,3160.00,0,0.00,0,0.00
1432,29,23363,805.62,21583,744.24,260303,8975.97,11797,406.79,0,0.00,716,24.69
1449,2,1282,641.00,492,246.00,25004,12502.00,3160,1580.00,0,0.00,0,0.00
1458,1,364,364.00,360,360.00,15759,15759.00,72,72.00,0,0.00,0,0.00
1462,1,1524,1524.00,258,258.00,24140,24140.00,8910,8910.00,0,0.00,0,0.00
1476,7,10641,1520.14,3122,446.00,105015,15002.14,46100,6585.71,0,0.00,0,0.00
1477,1,490,490.00,222,222.00,30663,30663.00,31599,31599.00,0,0.00,0,0.00
1483,3,1973,657.67,489,163.00,91580,30526.67,88205,29401.67,0,0.00,0,0.00
1488,1,1042,1042.00,1098,1098.00,27680,27680.00,23260,23260.00,0,0.00,0,0.00
1501,1,483,483.00,125,125.00,18003,18003.00,5559,5559.00,0,0.00,0,0.00
1509,1,671,671.00,167,167.00,8389,8389.00,56952,56952.00,0,0.00,0,0.00
1515,1,126,126.00,96,96.00,76095,76095.00,19499,19499.00,376,376.00,2,2.00
1527,1,680,680.00,167,167.00,7876,7876.00,29628,29628.00,612,612.00,0,0.00
1556,1,270,270.00,81,81.00,73899,73899.00,13689,13689.00,0,0.00,0,0.00
1562,1,1712,1712.00,268,268.00,26192,26192.00,7690,7690.00,640,640.00,0,0.00
1572,1,120,120.00,52,52.00,35208,35208.00,13998,13998.00,692,692.00,8,8.00
1576,4,8066,2016.50,872,218.00,81320,20330.00,18386,4596.50,0,0.00,0,0.00
1580,16,17538,1096.12,14220,888.75,80106,5006.62,20224,1264.00,0,0.00,0,0.00
1581,1,707,707.00,167,167.00,8119,8119.00,35109,35109.00,720,720.00,0,0.00
1585,1,125,125.00,133,133.00,27181,27181.00,1608,1608.00,0,0.00,0,0.00
1586,1,1582,1582.00,1582,1582.00,22,22.00,0,0.00,0,0.00,0,0.00
1588,2,2144,1072.00,2216,1108.00,59620,29810.00,53880,26940.00,0,0.00,0,0.00
1611,201,151255,752.51,79834,397.18,2018046,10040.03,986290,4906.92,0,0.00,0,0.00
1620,1,692,692.00,672,672.00,12800,12800.00,0,0.00,0,0.00,0,0.00
1625,1,675,675.00,169,169.00,8413,8413.00,56954,56954.00,0,0.00,0,0.00
1638,1,576,576.00,232,232.00,30867,30867.00,7095,7095.00,0,0.00,0,0.00
1660,1,318,318.00,208,208.00,41016,41016.00,6370,6370.00,0,0.00,0,0.00
1662,1,1900,1900.00,278,278.00,29664,29664.00,13840,13840.00,0,0.00,0,0.00
1673,1,2113,2113.00,290,290.00,32335,32335.00,21552,21552.00,0,0.00,0,0.00
1674,1,208,208.00,188,188.00,20034,20034.00,720,720.00,0,0.00,0,0.00
1676,1,1454,1454.00,228,228.00,20090,20090.00,5206,5206.00,0,0.00,0,0.00
1720,1,300,300.00,90,90.00,82110,82110.00,15210,15210.00,0,0.00,0,0.00
1722,2,3900,1950.00,460,230.00,44536,22268.00,12200,6100.00,0,0.00,0,0.00
1738,20,18170,908.50,12482,624.10,229416,11470.80,55932,2796.60,0,0.00,0,0.00
1740,2,640,320.00,642,321.00,37288,18644.00,0,0.00,0,0.00,0,0.00
1765,1,1273,1273.00,535,535.00,32964,32964.00,3116,3116.00,0,0.00,0,0.00
1776,2,3442,1721.00,476,238.00,46336,23168.00,13830,6915.00,0,0.00,0,0.00
1790,22,27093,1231.50,22435,1019.77,182103,8277.41,62676,2848.91,0,0.00,0,0.00
1803,1,1784,1784.00,239,239.00,28077,28077.00,14959,14959.00,0,0.00,0,0.00
1876,2,3976,1988.00,496,248.00,52492,26246.00,17788,8894.00,0,0.00,0,0.00
1896,7,9638,1376.86,9954,1422.00,33970,4852.86,2528,361.14,0,0.00,0,0.00
1898,2,3800,1900.00,3800,1900.00,0,0.00,0,0.00,0,0.00,0,0.00
1900,1,1871,1871.00,1769,1769.00,1330,1330.00,35,35.00,0,0.00,0,0.00
1923,1,58,58.00,20,20.00,98502,98502.00,26795,26795.00,0,0.00,9,9.00
1926,1,1690,1690.00,346,346.00,19276,19276.00,1264,1264.00,0,0.00,0,0.00
1957,1,651,651.00,698,698.00,7255,7255.00,0,0.00,0,0.00,0,0.00
1958,1,110,110.00,70,70.00,116230,116230.00,12558,12558.00,0,0.00,36,36.00
1968,2,246,123.00,246,123.00,49446,24723.00,0,0.00,0,0.00,0,0.00
1969,188,84971,451.97,129005,686.20,4478422,23821.39,311639,1657.65,0,0.00,0,0.00
1976,1,2334,2334.00,258,258.00,29640,29640.00,11222,11222.00,0,0.00,0,0.00
1990,1,127,127.00,131,131.00,25007,25007.00,18,18.00,0,0.00,0,0.00
1995,1,200,200.00,65,65.00,9598,9598.00,763,763.00,1834,1834.00,0,0.00
2028,1,132,132.00,49,49.00,19796,19796.00,3227,3227.00,0,0.00,0,0.00
2054,19,22594,1189.16,13430,706.84,232576,12240.84,103174,5430.21,0,0.00,0,0.00
2060,2,1584,792.00,952,476.00,67036,33518.00,5056,2528.00,0,0.00,0,0.00
2063,2,352,176.00,352,176.00,16748,8374.00,0,0.00,0,0.00,0,0.00
2064,2,3832,1916.00,2252,1126.00,77104,38552.00,25912,12956.00,0,0.00,0,0.00
2076,3,8356,2785.33,804,268.00,100366,33455.33,41776,13925.33,0,0.00,0,0.00
2130,1,60,60.00,20,20.00,109420,109420.00,29770,29770.00,0,0.00,10,10.00
2148,14,20943,1495.93,19153,1368.07,110085,7863.21,9129,652.07,0,0.00,0,0.00
2186,1,131,131.00,136,136.00,37853,37853.00,2243,2243.00,0,0.00,0,0.00
2199,1,28,28.00,65,65.00,17222,17222.00,963,963.00,0,0.00,36,36.00
2201,1,1463,1463.00,837,837.00,26658,26658.00,9086,9086.00,0,0.00,0,0.00
2212,7,14875,2125.00,15771,2253.00,46633,6661.86,3347,478.14,0,0.00,48,6.86
2217,1,984,984.00,369,369.00,66789,66789.00,7257,7257.00,0,0.00,0,0.00
2274,1,808,808.00,324,324.00,43554,43554.00,10065,10065.00,0,0.00,0,0.00
2276,2,7376,3688.00,576,288.00,82172,41086.00,40284,20142.00,0,0.00,0,0.00
2321,1,707,707.00,332,332.00,97578,97578.00,32916,32916.00,0,0.00,0,0.00
2327,31,39559,1276.10,24344,785.29,579781,18702.61,183475,5918.55,0,0.00,0,0.00
2331,1,897,897.00,358,358.00,39064,39064.00,4851,4851.00,0,0.00,0,0.00
2359,1,543,543.00,539,539.00,44740,44740.00,659,659.00,0,0.00,0,0.00
2370,7,10112,1444.57,5530,790.00,70310,10044.29,61620,8802.86,0,0.00,0,0.00
2372,7,7758,1108.29,1122,160.29,98434,14062.00,86268,12324.00,0,0.00,0,0.00
2376,3,11944,3981.33,894,298.00,132808,44269.33,70492,23497.33,0,0.00,0,0.00
2380,1,2232,2232.00,1284,1284.00,45978,45978.00,19750,19750.00,0,0.00,0,0.00
2416,1,104,104.00,76,76.00,75196,75196.00,13404,13404.00,0,0.00,8,8.00
2433,1,649,649.00,236,236.00,70385,70385.00,5950,5950.00,0,0.00,0,0.00
2450,1,875,875.00,525,525.00,48650,48650.00,3150,3150.00,0,0.00,0,0.00
2476,3,11560,3853.33,924,308.00,137302,45767.33,80104,26701.33,0,0.00,0,0.00
2506,11,21301,1936.45,20764,1887.64,190456,17314.18,2148,195.27,0,0.00,0,0.00
2528,4,7268,1817.00,7742,1935.50,31758,7939.50,0,0.00,0,0.00,0,0.00
2530,1,2532,2532.00,2532,2532.00,0,0.00,0,0.00,0,0.00,0,0.00
2569,1,570,570.00,335,335.00,98017,98017.00,16781,16781.00,700,700.00,2,2.00
2576,1,5042,5042.00,318,318.00,52532,52532.00,31492,31492.00,0,0.00,0,0.00
2600,1,448,448.00,112,112.00,127480,127480.00,43560,43560.00,0,0.00,0,0.00
2676,3,11740,3913.33,984,328.00,150082,50027.33,102706,34235.33,0,0.00,0,0.00
2685,21,34010,1619.52,16647,792.71,373931,17806.24,239502,11404.86,0,0.00,0,0.00
2686,12,17064,1422.00,7900,658.33,264492,22041.00,118974,9914.50,0,0.00,0,0.00
2688,2,2532,1266.00,320,160.00,32232,16116.00,33180,16590.00,0,0.00,0,0.00
2696,2,5096,2548.00,2884,1442.00,106808,53404.00,55932,27966.00,0,0.00,0,0.00
2703,1,259,259.00,195,195.00,44786,44786.00,7916,7916.00,220,220.00,0,0.00
2705,1,901,901.00,358,358.00,41832,41832.00,2755,2755.00,0,0.00,0,0.00
2709,1,720,720.00,358,358.00,40301,40301.00,2214,2214.00,0,0.00,0,0.00
2829,1,1353,1353.00,123,123.00,17343,17343.00,25830,25830.00,0,0.00,0,0.00
2864,7,22017,3145.29,21480,3068.57,31683,4526.14,11456,1636.57,0,0.00,0,0.00
2884,1,178,178.00,366,366.00,21192,21192.00,1070,1070.00,0,0.00,40,40.00
2899,1,196,196.00,73,73.00,28232,28232.00,4607,4607.00,0,0.00,0,0.00
2940,3,105,35.00,105,35.00,66255,22085.00,5250,1750.00,0,0.00,210,70.00
2942,1,37,37.00,37,37.00,22085,22085.00,1750,1750.00,0,0.00,70,70.00
2944,1,37,37.00,37,37.00,22093,22093.00,1750,1750.00,0,0.00,73,73.00
2949,1,509,509.00,316,316.00,67186,67186.00,491,491.00,0,0.00,0,0.00
2971,2,813,406.50,672,336.00,216953,108476.50,17293,8646.50,0,0.00,48,24.00
3002,6,8532,1422.00,948,158.00,109020,18170.00,128928,21488.00,0,0.00,0,0.00
3004,1,1424,1424.00,160,160.00,18170,18170.00,21488,21488.00,0,0.00,0,0.00
3011,23,18584,808.00,11316,492.00,944840,41080.00,152628,6636.00,0,0.00,0,0.00
3012,3,8592,2864.00,4800,1600.00,182490,60830.00,112812,37604.00,0,0.00,0,0.00
3043,76,45466,598.24,27566,362.71,1056279,13898.41,296424,3900.32,0,0.00,10203,134.25
3160,1,948,948.00,948,948.00,47084,47084.00,4266,4266.00,0,0.00,632,632.00
3200,1,1264,1264.00,672,672.00,15168,15168.00,1896,1896.00,0,0.00,0,0.00
3222,2,4475,2237.50,3401,1700.50,31146,15573.00,15036,7518.00,0,0.00,0,0.00
3318,6,11218,1869.67,4108,684.67,101120,16853.33,135090,22515.00,0,0.00,0,0.00
3320,1,1582,1582.00,160,160.00,20224,20224.00,27018,27018.00,0,0.00,0,0.00
3328,1,3180,3180.00,1758,1758.00,68256,68256.00,48664,48664.00,0,0.00,0,0.00
3342,1,1236,1236.00,495,495.00,61785,61785.00,10212,10212.00,0,0.00,0,0.00
3401,38,51373,1351.92,25239,664.18,1622635,42700.92,552036,14527.26,0,0.00,895,23.55
3567,1,1722,1722.00,123,123.00,22140,22140.00,43173,43173.00,0,0.00,0,0.00
3580,3,6444,2148.00,4475,1491.67,52447,17482.33,22196,7398.67,0,0.00,0,0.00
3634,12,36498,3041.50,24174,2014.50,290246,24187.17,251220,20935.00,0,0.00,0,0.00
3759,12,28103,2341.92,13067,1088.92,369277,30773.08,332582,27715.17,0,0.00,0,0.00
3784,1,1244,1244.00,1244,1244.00,66972,66972.00,11070,11070.00,0,0.00,504,504.00
3792,2,2844,1422.00,1580,790.00,267968,133984.00,11060,5530.00,0,0.00,0,0.00
3864,3,23184,7728.00,23184,7728.00,0,0.00,0,0.00,0,0.00,0,0.00
3922,1,856,856.00,550,550.00,62972,62972.00,3002,3002.00,0,0.00,0,0.00
3938,5,5012,1002.40,5012,1002.40,126732,25346.40,7160,1432.00,0,0.00,0,0.00
3950,7,13272,1896.00,1106,158.00,170324,24332.00,279818,39974.00,0,0.00,0,0.00
3952,1,1900,1900.00,162,162.00,24332,24332.00,39974,39974.00,0,0.00,0,0.00
3960,1,3812,3812.00,2074,2074.00,83108,83108.00,75050,75050.00,0,0.00,0,0.00
3995,1,205,205.00,167,167.00,82818,82818.00,42614,42614.00,1962,1962.00,36,36.00
4071,1,8142,8142.00,8142,8142.00,0,0.00,0,0.00,0,0.00,0,0.00
4095,1,1295,1295.00,455,455.00,84630,84630.00,62755,62755.00,0,0.00,0,0.00
4108,3,3950,1316.67,1580,526.67,566272,188757.33,51034,17011.33,0,0.00,0,0.00
4117,35,103283,2950.94,77686,2219.60,1384923,39569.23,555258,15864.51,0,0.00,0,0.00
4118,1,1422,1422.00,652,652.00,161160,161160.00,6952,6952.00,0,0.00,0,0.00
4125,1,82,82.00,29,29.00,22496,22496.00,1170,1170.00,3960,3960.00,45,45.00
4266,12,20856,1738.00,5688,474.00,738808,61567.33,294512,24542.67,0,0.00,0,0.00
4272,1,2058,2058.00,160,160.00,26410,26410.00,47402,47402.00,0,0.00,0,0.00
4276,2,8256,4128.00,4464,2232.00,181068,90534.00,180752,90376.00,0,0.00,0,0.00
4288,1,751,751.00,283,283.00,201495,201495.00,26670,26670.00,0,0.00,0,0.00
4296,29,27745,956.72,11456,395.03,2151222,74180.07,341711,11783.14,0,0.00,0,0.00
4324,1,7728,7728.00,7728,7728.00,3910,3910.00,0,0.00,0,0.00,0,0.00
4475,15,40812,2720.80,20048,1336.53,445710,29714.00,577633,38508.87,0,0.00,358,23.87
4502,1,636,636.00,154,154.00,207362,207362.00,55026,55026.00,4162,4162.00,0,0.00
4582,13,33496,2576.62,5214,401.08,3871000,297769.23,624574,48044.15,0,0.00,0,0.00
4592,1,4444,4444.00,2390,2390.00,97960,97960.00,107124,107124.00,0,0.00,0,0.00
4654,6,9308,1551.33,3043,507.17,955144,159190.67,111875,18645.83,0,0.00,0,0.00
4776,1,597,597.00,463,463.00,204237,204237.00,70299,70299.00,4374,4374.00,0,0.00
4788,1,1308,1308.00,552,552.00,74088,74088.00,20982,20982.00,0,0.00,0,0.00
4833,43,65693,1527.74,31862,740.98,3750945,87231.28,960514,22337.53,0,0.00,0,0.00
4843,1,1259,1259.00,181,181.00,114036,114036.00,15035,15035.00,0,0.00,0,0.00
4898,4,9480,2370.00,632,158.00,121976,30494.00,256592,64148.00,0,0.00,0,0.00
4928,1,863,863.00,125,125.00,98926,98926.00,9348,9348.00,0,0.00,0,0.00
5012,2,5370,2685.00,2148,1074.00,120646,60323.00,115276,57638.00,0,0.00,0,0.00
5024,1,238,238.00,326,326.00,27052,27052.00,1300,1300.00,4400,4400.00,50,50.00
5046,1,1995,1995.00,447,447.00,335169,335169.00,65025,65025.00,4707,4707.00,0,0.00
5048,1,890,890.00,134,134.00,101304,101304.00,9576,9576.00,0,0.00,0,0.00
5079,1,64,64.00,74,74.00,79862,79862.00,13599,13599.00,5013,5013.00,9,9.00
5178,1,1434,1434.00,0,0.00,188362,188362.00,147000,147000.00,5072,5072.00,144,144.00
5191,17,53879,3169.35,12351,726.53,5042788,296634.59,1076327,63313.35,0,0.00,0,0.00
5214,9,16432,1825.78,6478,719.78,838980,93220.00,239054,26561.56,0,0.00,0,0.00
5224,1,5076,5076.00,2706,2706.00,112812,112812.00,144886,144886.00,0,0.00,0,0.00
5370,1,2327,2327.00,179,179.00,55848,55848.00,55848,55848.00,0,0.00,0,0.00
5372,1,1738,1738.00,1422,1422.00,105860,105860.00,2844,2844.00,0,0.00,0,0.00
5395,1,1176,1176.00,649,649.00,228379,228379.00,78623,78623.00,4860,4860.00,0,0.00
5461,1,1705,1705.00,686,686.00,106228,106228.00,95343,95343.00,0,0.00,0,0.00
5530,1,2686,2686.00,158,158.00,34602,34602.00,83424,83424.00,0,0.00,0,0.00
5549,14,30430,2173.57,5549,396.36,1267320,90522.86,705260,50375.71,0,0.00,0,0.00
5587,1,2215,2215.00,477,477.00,372410,372410.00,72250,72250.00,5230,5230.00,0,0.00
5617,1,1448,1448.00,545,545.00,97018,97018.00,25082,25082.00,0,0.00,0,0.00
5688,1,5688,5688.00,5688,5688.00,0,0.00,0,0.00,0,0.00,0,0.00
5728,3,3580,1193.33,537,179.00,326496,108832.00,78402,26134.00,0,0.00,179,59.67
5846,2,4108,2054.00,1580,790.00,225624,112812.00,52140,26070.00,0,0.00,0,0.00
5852,1,5850,5850.00,5848,5848.00,24,24.00,2,2.00,0,0.00,0,0.00
5856,1,5708,5708.00,3022,3022.00,127664,127664.00,188336,188336.00,0,0.00,0,0.00
5907,14,38843,2774.50,16826,1201.86,1394589,99613.50,846491,60463.64,0,0.00,0,0.00
6084,1,218,218.00,376,376.00,90792,90792.00,15110,15110.00,5570,5570.00,10,10.00
6086,2,5370,2685.00,358,179.00,128164,64082.00,150360,75180.00,0,0.00,0,0.00
6221,1,166,166.00,158,158.00,104976,104976.00,8680,8680.00,0,0.00,118,118.00
6265,3,12172,4057.33,3580,1193.33,214621,71540.33,376974,125658.00,0,0.00,0,0.00
6330,1,1136,1136.00,188,188.00,127032,127032.00,12008,12008.00,0,0.00,0,0.00
6444,4,11814,2953.50,7876,1969.00,310386,77596.50,115276,28819.00,0,0.00,0,0.00
6498,1,2568,2568.00,1126,1126.00,171490,171490.00,7110,7110.00,0,0.00,0,0.00
6504,1,2570,2570.00,1128,1128.00,171512,171512.00,7110,7110.00,0,0.00,0,0.00
6545,1,768,768.00,543,543.00,150337,150337.00,19098,19098.00,186,186.00,0,0.00
6623,8,30430,3803.75,16647,2080.88,818030,102253.75,637240,79655.00,0,0.00,0,0.00
6636,31,4898,158.00,9796,316.00,739598,23858.00,24490,790.00,0,0.00,0,0.00
6640,1,166,166.00,320,320.00,23870,23870.00,790,790.00,0,0.00,0,0.00
6642,2,320,160.00,636,318.00,47760,23880.00,1580,790.00,0,0.00,0,0.00
6646,1,160,160.00,322,322.00,23928,23928.00,790,790.00,0,0.00,0,0.00
6703,1,919,919.00,720,720.00,146033,146033.00,33790,33790.00,0,0.00,0,0.00
6794,11,25438,2312.55,9638,876.18,1387398,126127.09,491380,44670.91,0,0.00,0,0.00
6800,1,2214,2214.00,950,950.00,134480,134480.00,36182,36182.00,0,0.00,0,0.00
6802,1,3043,3043.00,179,179.00,72316,72316.00,97376,97376.00,0,0.00,0,0.00
6820,1,2570,2570.00,1128,1128.00,173408,173408.00,7110,7110.00,0,0.00,0,0.00
6838,1,853,853.00,483,483.00,166500,166500.00,12060,12060.00,0,0.00,0,0.00
6958,1,6956,6956.00,6954,6954.00,24,24.00,2,2.00,0,0.00,0,0.00
6981,6,14141,2356.83,6086,1014.33,817851,136308.50,412416,68736.00,0,0.00,0,0.00
7120,1,6972,6972.00,3654,3654.00,157368,157368.00,292300,292300.00,0,0.00,0,0.00
7160,4,7518,1879.50,716,179.00,444278,111069.50,196005,49001.25,0,0.00,0,0.00
7339,4,16468,4117.00,6444,1611.00,596070,149017.50,417786,104446.50,0,0.00,0,0.00
7426,4,10112,2528.00,3792,948.00,585864,146466.00,173168,43292.00,0,0.00,0,0.00
7448,1,2572,2572.00,1130,1130.00,177178,177178.00,7110,7110.00,0,0.00,0,0.00
7452,3,7710,2570.00,3384,1128.00,532864,177621.33,21330,7110.00,0,0.00,0,0.00
7518,40,15036,375.90,13962,349.05,1464936,36623.40,268321,6708.02,0,0.00,358,8.95
7697,33,82519,2500.58,36874,1117.39,5141596,155805.94,1332118,40367.21,0,0.00,0,0.00
7768,1,2570,2570.00,1128,1128.00,179728,179728.00,7110,7110.00,0,0.00,0,0.00
7876,3,11814,3938.00,8234,2744.67,306806,102268.67,148212,49404.00,0,0.00,0,0.00
7900,1,7900,7900.00,7900,7900.00,0,0.00,0,0.00,0,0.00,0,0.00
8021,1,236,236.00,158,158.00,196016,196016.00,14611,14611.00,0,0.00,210,210.00
8055,7,23628,3375.43,12709,1815.57,867434,123919.14,846133,120876.14,0,0.00,537,76.71
8058,1,3002,3002.00,474,474.00,407008,407008.00,72838,72838.00,0,0.00,0,0.00
8118,1,984,984.00,369,369.00,247353,247353.00,20910,20910.00,0,0.00,0,0.00
8216,2,5530,2765.00,3002,1501.00,136670,68335.00,230206,115103.00,0,0.00,316,158.00
8234,2,4654,2327.00,537,268.50,144811,72405.50,154835,77417.50,0,0.00,0,0.00
8374,4,10744,2686.00,4424,1106.00,672448,168112.00,223728,55932.00,0,0.00,0,0.00
8394,1,2568,2568.00,1126,1126.00,182866,182866.00,7110,7110.00,0,0.00,0,0.00
8413,17,52805,3106.18,21301,1253.00,2943118,173124.59,883007,51941.59,0,0.00,0,0.00
8592,2,8413,4206.50,358,179.00,243440,121720.00,176136,88068.00,0,0.00,358,179.00
8620,1,3081,3081.00,1849,1849.00,171044,171044.00,11074,11074.00,0,0.00,0,0.00
8690,1,1422,1422.00,316,316.00,120238,120238.00,6794,6794.00,0,0.00,158,158.00
8725,1,2756,2756.00,1146,1146.00,197592,197592.00,7752,7752.00,0,0.00,0,0.00
8771,6,22196,3699.33,7339,1223.17,773101,128850.17,835751,139291.83,0,0.00,179,29.83
8867,1,661,661.00,335,335.00,75998,75998.00,4898,4898.00,0,0.00,158,158.00
8950,2,13067,6533.50,9129,4564.50,97018,48509.00,181148,90574.00,0,0.00,0,0.00
9006,6,27018,4503.00,21330,3555.00,549366,91561.00,194340,32390.00,0,0.00,158,26.33
9032,1,2570,2570.00,1128,1128.00,186680,186680.00,7110,7110.00,0,0.00,0,0.00
9129,2,12351,6175.50,5191,2595.50,664627,332313.50,518921,259460.50,0,0.00,0,0.00
9137,1,1615,1615.00,533,533.00,168491,168491.00,63207,63207.00,0,0.00,0,0.00
9166,1,9168,9168.00,9168,9168.00,0,0.00,0,0.00,0,0.00,0,0.00
9181,1,1259,1259.00,181,181.00,251060,251060.00,13125,13125.00,0,0.00,0,0.00
9308,4,12351,3087.75,3759,939.75,605915,151478.75,490281,122570.25,0,0.00,358,89.50
9480,1,474,474.00,158,158.00,145518,145518.00,28756,28756.00,0,0.00,0,0.00
9487,6,24344,4057.33,10919,1819.83,1179968,196661.33,731931,121988.50,0,0.00,0,0.00
9507,1,483,483.00,176,176.00,145644,145644.00,28756,28756.00,0,0.00,0,0.00
9638,2,10270,5135.00,9954,4977.00,78368,39184.00,4898,2449.00,0,0.00,158,79.00
9666,2,3043,1521.50,1432,716.00,256686,128343.00,78939,39469.50,0,0.00,179,89.50
9845,3,6981,2327.00,2148,716.00,672861,224287.00,92543,30847.67,0,0.00,179,59.67
9954,6,18960,3160.00,7584,1264.00,1210596,201766.00,479688,79948.00,0,0.00,0,0.00
9956,2,6322,3161.00,2530,1265.00,403532,201766.00,159896,79948.00,0,0.00,0,0.00
10024,1,716,716.00,358,358.00,86099,86099.00,5549,5549.00,0,0.00,179,179.00
10203,7,33473,4781.86,25418,3631.14,833782,119111.71,228225,32603.57,0,0.00,179,25.57
10267,1,0,0.00,179,179.00,10446,10446.00,0,0.00,0,0.00,179,179.00
10296,1,2570,2570.00,1128,1128.00,194264,194264.00,7110,7110.00,0,0.00,0,0.00
10332,4,492,123.00,492,123.00,310452,77613.00,24600,6150.00,0,0.00,984,246.00
10337,1,125,125.00,125,125.00,77641,77641.00,6155,6155.00,0,0.00,246,246.00
10366,1,1373,1373.00,578,578.00,57969,57969.00,5939,5939.00,8289,8289.00,0,0.00
10382,1,10382,10382.00,10382,10382.00,0,0.00,0,0.00,0,0.00,0,0.00
10561,1,1969,1969.00,358,358.00,236280,236280.00,39559,39559.00,0,0.00,0,0.00
10586,2,4582,2291.00,1580,790.00,337172,168586.00,102068,51034.00,0,0.00,158,79.00
10588,1,3476,3476.00,1264,1264.00,213774,213774.00,90534,90534.00,0,0.00,0,0.00
10725,1,185,185.00,179,179.00,203444,203444.00,3021,3021.00,170,170.00,358,358.00
10740,10,5907,590.70,1969,196.90,1603840,160384.00,303584,30358.40,0,0.00,179,17.90
10754,1,474,474.00,178,178.00,194972,194972.00,34602,34602.00,0,0.00,0,0.00
10902,1,7268,7268.00,7268,7268.00,61778,61778.00,0,0.00,0,0.00,0,0.00
10919,2,11635,5817.50,11277,5638.50,88784,44392.00,5549,2774.50,0,0.00,179,89.50
11218,1,2686,2686.00,316,316.00,240318,240318.00,26386,26386.00,0,0.00,158,158.00
11277,8,28640,3580.00,11456,1432.00,1828664,228583.00,724592,90574.00,0,0.00,0,0.00
11389,1,656,656.00,403,403.00,678227,678227.00,73273,73273.00,0,0.00,210,210.00
11393,1,1976,1976.00,528,528.00,557725,557725.00,190575,190575.00,0,0.00,0,0.00
11534,9,34760,3862.22,11534,1281.56,1956988,217443.11,1258470,139830.00,0,0.00,0,0.00
11635,3,2864,954.67,1611,537.00,243619,81206.33,8055,2685.00,0,0.00,358,119.33
11850,1,5688,5688.00,790,790.00,940890,940890.00,191970,191970.00,0,0.00,0,0.00
11852,1,5848,5848.00,160,160.00,75682,75682.00,415224,415224.00,0,0.00,0,0.00
11860,1,11712,11712.00,6024,6024.00,268758,268758.00,884800,884800.00,0,0.00,0,0.00
11993,4,13067,3266.75,3580,895.00,845059,211264.75,532167,133041.75,0,0.00,179,44.75
12166,1,3950,3950.00,1422,1422.00,247428,247428.00,120554,120554.00,0,0.00,0,0.00
12168,1,3952,3952.00,1424,1424.00,247428,247428.00,120554,120554.00,0,0.00,0,0.00
12176,1,12028,12028.00,6182,6182.00,276184,276184.00,935676,935676.00,0,0.00,0,0.00
12351,1,8234,8234.00,8234,8234.00,69989,69989.00,0,0.00,0,0.00,0,0.00
12709,1,3043,3043.00,358,358.00,272259,272259.00,29893,29893.00,0,0.00,179,179.00
12888,1,1432,1432.00,179,179.00,187592,187592.00,39917,39917.00,0,0.00,0,0.00
13067,9,39380,4375.56,13067,1451.89,2217094,246343.78,1425735,158415.00,0,0.00,0,0.00
13114,4,16432,4108.00,6320,1580.00,1076296,269074.00,563112,140778.00,0,0.00,0,0.00
13272,1,158,158.00,158,158.00,99698,99698.00,7900,7900.00,0,0.00,316,316.00
13281,1,7094,7094.00,6162,6162.00,4108,4108.00,632,632.00,0,0.00,89,89.00
13425,3,26313,8771.00,7876,2625.33,1456165,485388.33,1690297,563432.33,0,0.00,0,0.00
13604,1,2506,2506.00,179,179.00,618624,618624.00,64440,64440.00,0,0.00,0,0.00
13746,2,6952,3476.00,2370,1185.00,861732,430866.00,255486,127743.00,0,0.00,0,0.00
13783,4,23807,5951.75,10740,2685.00,1661120,415280.00,1387608,346902.00,0,0.00,179,44.75
14064,1,6954,6954.00,160,160.00,90060,90060.00,591078,591078.00,0,0.00,0,0.00
14388,1,14240,14240.00,7288,7288.00,328166,328166.00,1331624,1331624.00,0,0.00,0,0.00
14399,1,4561,4561.00,1609,1609.00,297414,297414.00,220539,220539.00,0,0.00,0,0.00
14499,1,4475,4475.00,179,179.00,121819,121819.00,231554,231554.00,4376,4376.00,0,0.00
14694,2,9164,4582.00,3476,1738.00,594238,297119.00,299094,149547.00,10112,5056.00,0,0.00
14700,1,4584,4584.00,1740,1740.00,302750,302750.00,177592,177592.00,0,0.00,0,0.00
14857,4,18616,4654.00,7160,1790.00,1219348,304837.00,637956,159489.00,0,0.00,0,0.00
15009,1,2586,2586.00,867,867.00,708111,708111.00,93726,93726.00,0,0.00,0,0.00
15040,1,6452,6452.00,179,179.00,553544,553544.00,121425,121425.00,0,0.00,0,0.00
15215,1,0,0.00,179,179.00,716,716.00,0,0.00,14678,14678.00,179,179.00
15256,1,5688,5688.00,3200,3200.00,531512,531512.00,9480,9480.00,0,0.00,0,0.00
15326,1,4898,4898.00,1738,1738.00,314736,314736.00,193392,193392.00,0,0.00,0,0.00
15328,2,9802,4901.00,3482,1741.00,629472,314736.00,386784,193392.00,0,0.00,0,0.00
15573,3,7876,2625.33,2864,954.67,988238,329412.67,289443,96481.00,3780,1260.00,179,59.67
15931,1,7876,7876.00,179,179.00,102030,102030.00,669639,669639.00,0,0.00,0,0.00
15958,1,7900,7900.00,158,158.00,102384,102384.00,766458,766458.00,0,0.00,0,0.00
16110,1,5370,5370.00,358,358.00,285272,285272.00,551987,551987.00,13443,13443.00,0,0.00
16274,4,20224,5056.00,7584,1896.00,1345528,336382.00,874688,218672.00,0,0.00,0,0.00
16276,1,5058,5058.00,1898,1898.00,336382,336382.00,218672,218672.00,0,0.00,0,0.00
16280,1,5058,5058.00,1898,1898.00,336404,336404.00,218672,218672.00,0,0.00,0,0.00
16284,1,16136,16136.00,8236,8236.00,372722,372722.00,1726466,1726466.00,0,0.00,0,0.00
16289,1,16110,16110.00,8234,8234.00,371783,371783.00,1508612,1508612.00,0,0.00,0,0.00
16379,1,7741,7741.00,179,179.00,396630,396630.00,111927,111927.00,80,80.00,179,179.00
16647,3,15573,5191.00,5907,1969.00,1028892,342964.00,603588,201196.00,0,0.00,0,0.00
17014,1,1898,1898.00,168,168.00,572636,572636.00,63006,63006.00,11060,11060.00,0,0.00
17184,1,6444,6444.00,3580,3580.00,602156,602156.00,10740,10740.00,0,0.00,0,0.00
17363,3,16647,5549.00,5907,1969.00,1069704,356568.00,657288,219096.00,0,0.00,0,0.00
17542,1,1969,1969.00,179,179.00,565103,565103.00,54058,54058.00,12530,12530.00,0,0.00
17678,1,5500,5500.00,2050,2050.00,367167,367167.00,331416,331416.00,0,0.00,0,0.00
17802,1,6578,6578.00,782,782.00,1207710,1207710.00,415244,415244.00,1324,1324.00,0,0.00
17854,20,102068,5103.40,29704,1485.20,12804320,640216.00,2894244,144712.20,0,0.00,0,0.00
17860,4,21180,5295.00,6960,1740.00,2080632,520158.00,790948,197737.00,0,0.00,0,0.00
17900,1,3222,3222.00,179,179.00,887303,887303.00,114381,114381.00,0,0.00,0,0.00
18079,1,8950,8950.00,179,179.00,115992,115992.00,868329,868329.00,0,0.00,0,0.00
18170,2,18012,9006.00,316,158.00,233524,116762.00,1999648,999824.00,0,0.00,0,0.00
18437,7,52626,7518.00,22196,3170.86,2708807,386972.43,3442349,491764.14,0,0.00,0,0.00
18486,2,15010,7505.00,2212,1106.00,489800,244900.00,803430,401715.00,10744,5372.00,0,0.00
18488,1,5848,5848.00,2056,2056.00,382044,382044.00,283294,283294.00,0,0.00,0,0.00
18496,2,36696,18348.00,18684,9342.00,849408,424704.00,4503632,2251816.00,0,0.00,0,0.00
18812,1,18664,18664.00,9500,9500.00,420762,420762.00,1215042,1215042.00,10900,10900.00,0,0.00
19153,1,0,0.00,179,179.00,6912,6912.00,0,0.00,12420,12420.00,179,179.00
19177,1,1616,1616.00,179,179.00,662658,662658.00,54953,54953.00,14141,14141.00,183,183.00
19357,1,5155,5155.00,1422,1422.00,670236,670236.00,131456,131456.00,0,0.00,38,38.00
19386,1,5172,5172.00,1422,1422.00,670236,670236.00,131456,131456.00,0,0.00,38,38.00
19434,4,27650,6912.50,6794,1698.50,1323092,330773.00,1557248,389312.00,12640,3160.00,0,0.00
19511,1,3222,3222.00,358,358.00,401676,401676.00,119751,119751.00,11277,11277.00,0,0.00
19566,1,5192,5192.00,1422,1422.00,670236,670236.00,131456,131456.00,0,0.00,38,38.00
19760,1,19612,19612.00,9974,9974.00,441768,441768.00,1426740,1426740.00,12640,12640.00,0,0.00
19893,1,415,415.00,406,406.00,310687,310687.00,25267,25267.00,0,0.00,366,366.00
20066,1,6320,6320.00,2212,2212.00,415698,415698.00,334644,334644.00,0,0.00,0,0.00
20068,2,12644,6322.00,4428,2214.00,831396,415698.00,669288,334644.00,0,0.00,0,0.00
20227,27,156804,5807.56,46361,1717.07,19141186,708932.81,4621780,171177.04,0,0.00,0,0.00
20585,2,20406,10203.00,358,179.00,264562,132281.00,2265424,1132712.00,0,0.00,0,0.00
20943,5,65156,13031.20,25955,5191.00,1962556,392511.20,6917455,1383491.00,0,0.00,0,0.00
21014,1,6478,6478.00,2370,2370.00,437344,437344.00,367508,367508.00,0,0.00,0,0.00
21216,1,2174,2174.00,438,438.00,211854,211854.00,39004,39004.00,9210,9210.00,0,0.00
21301,1,21122,21122.00,10740,10740.00,489565,489565.00,2642577,2642577.00,0,0.00,0,0.00
21646,2,13588,6794.00,4740,2370.00,898704,449352.00,780520,390260.00,0,0.00,0,0.00
21648,1,6796,6796.00,2372,2372.00,449352,449352.00,390260,390260.00,0,0.00,0,0.00
22017,4,31325,7831.25,7697,1924.25,1513624,378406.00,2365485,591371.25,0,0.00,0,0.00
22196,1,3938,3938.00,179,179.00,1114774,1114774.00,166991,166991.00,9327,9327.00,0,0.00
22375,2,22196,11098.00,11456,5728.00,537358,268679.00,2926650,1463325.00,0,0.00,179,89.50
22594,1,6952,6952.00,2528,2528.00,470998,470998.00,425652,425652.00,0,0.00,0,0.00
22600,1,6954,6954.00,2530,2530.00,471020,471020.00,425652,425652.00,0,0.00,0,0.00
22733,5,28584,5716.80,7876,1575.20,2581076,516215.20,1181246,236249.20,41528,8305.60,1074,214.80
23091,1,0,0.00,179,179.00,10514,10514.00,0,0.00,12756,12756.00,179,179.00
23226,1,7268,7268.00,2528,2528.00,483006,483006.00,450142,450142.00,0,0.00,0,0.00
23270,1,358,358.00,179,179.00,256507,256507.00,28998,28998.00,0,0.00,0,0.00
23301,1,6453,6453.00,0,0.00,847629,847629.00,661500,661500.00,22824,22824.00,648,648.00
23807,1,7339,7339.00,2685,2685.00,495472,495472.00,416354,416354.00,0,0.00,0,0.00
23883,1,3234,3234.00,179,179.00,698820,698820.00,581077,581077.00,74,74.00,179,179.00
24090,1,5213,5213.00,903,903.00,927057,927057.00,353965,353965.00,69,69.00,0,0.00
24174,1,2528,2528.00,158,158.00,1166514,1166514.00,241582,241582.00,0,0.00,0,0.00
24523,3,23091,7697.00,8055,2685.00,1527228,509076.00,1326390,442130.00,0,0.00,0,0.00
24806,2,15484,7742.00,5372,2686.00,1033320,516660.00,1028580,514290.00,0,0.00,0,0.00
24808,1,7744,7744.00,2688,2688.00,516660,516660.00,514290,514290.00,0,0.00,0,0.00
25597,2,15752,7876.00,5728,2864.00,1067198,533599.00,964452,482226.00,0,0.00,0,0.00
25754,1,7900,7900.00,2844,2844.00,538306,538306.00,554738,554738.00,0,0.00,0,0.00
25890,1,7170,7170.00,0,0.00,941810,941810.00,735000,735000.00,25360,25360.00,720,720.00
25955,1,0,0.00,179,179.00,11814,11814.00,0,0.00,14320,14320.00,179,179.00
26305,1,3759,3759.00,360,360.00,1615338,1615338.00,140855,140855.00,15036,15036.00,537,537.00
26313,2,8234,4117.00,3043,1521.50,573695,286847.50,509971,254985.50,0,0.00,179,89.50
27185,1,4749,4749.00,1440,1440.00,1297338,1297338.00,240318,240318.00,0,0.00,0,0.00
27387,1,2864,2864.00,179,179.00,1321557,1321557.00,273691,273691.00,0,0.00,0,0.00
28103,3,26313,8771.00,9129,3043.00,1755990,585330.00,1747935,582645.00,0,0.00,0,0.00
28220,1,810,810.00,567,567.00,688796,688796.00,51466,51466.00,0,0.00,738,738.00
29177,1,8950,8950.00,3222,3222.00,609853,609853.00,628469,628469.00,0,0.00,0,0.00
29535,2,0,0.00,358,179.00,45108,22554.00,0,0.00,14320,7160.00,358,179.00
30788,1,5370,5370.00,179,179.00,1693340,1693340.00,368382,368382.00,0,0.00,0,0.00
33654,1,948,948.00,316,316.00,1728836,1728836.00,470366,470366.00,0,0.00,158,158.00
35084,1,6086,6086.00,179,179.00,1962019,1962019.00,487775,487775.00,0,0.00,0,0.00
35621,1,3759,3759.00,537,537.00,1732720,1732720.00,182043,182043.00,17721,17721.00,537,537.00
35979,1,13246,13246.00,4654,4654.00,532167,532167.00,1229909,1229909.00,0,0.00,0,0.00
37053,1,0,0.00,179,179.00,37232,37232.00,0,0.00,0,0.00,179,179.00
37411,1,0,0.00,179,179.00,4296,4296.00,0,0.00,33294,33294.00,179,179.00
38078,1,316,316.00,790,790.00,299884,299884.00,16906,16906.00,0,0.00,632,632.00
39380,1,6802,6802.00,179,179.00,2230698,2230698.00,624531,624531.00,0,0.00,0,0.00
39738,1,17542,17542.00,4475,4475.00,1236174,1236174.00,2356356,2356356.00,0,0.00,0,0.00
39978,1,6891,6891.00,1728,1728.00,1960005,1960005.00,669735,669735.00,0,0.00,0,0.00
40027,1,2284,2284.00,1423,1423.00,2383121,2383121.00,257614,257614.00,0,0.00,738,738.00
40275,1,0,0.00,179,179.00,9214,9214.00,0,0.00,31240,31240.00,179,179.00
41349,1,0,0.00,179,179.00,11814,11814.00,0,0.00,29714,29714.00,179,179.00
43855,2,0,0.00,358,179.00,55490,27745.00,0,0.00,32578,16289.00,358,179.00
44467,1,746,746.00,1802,1802.00,130557,130557.00,5611,5611.00,1079,1079.00,183,183.00
46361,1,1790,1790.00,179,179.00,497620,497620.00,76612,76612.00,40812,40812.00,179,179.00
47670,1,11021,11021.00,1925,1925.00,1607307,1607307.00,1985776,1985776.00,43132,43132.00,0,0.00
47793,1,0,0.00,179,179.00,15394,15394.00,0,0.00,32578,32578.00,179,179.00
47972,1,8234,8234.00,179,179.00,2768056,2768056.00,950132,950132.00,0,0.00,0,0.00
48405,1,2001,2001.00,1448,1448.00,2230480,2230480.00,189831,189831.00,25052,25052.00,179,179.00
48509,1,0,0.00,179,179.00,10864,10864.00,0,0.00,37824,37824.00,179,179.00
51015,1,0,0.00,179,179.00,5596,5596.00,0,0.00,45598,45598.00,179,179.00
51373,1,0,0.00,179,179.00,51552,51552.00,0,0.00,0,0.00,179,179.00
52268,1,8950,8950.00,179,179.00,2894910,2894910.00,853641,853641.00,37354,37354.00,0,0.00
52805,2,26492,13246.00,8950,4475.00,2568345,1284172.50,3689793,1844896.50,26950,13475.00,0,0.00
52984,1,12351,12351.00,2148,2148.00,1788747,1788747.00,2246629,2246629.00,48151,48151.00,0,0.00
54953,1,0,0.00,179,179.00,7876,7876.00,0,0.00,47256,47256.00,179,179.00
55311,2,0,0.00,358,179.00,91730,45865.00,0,0.00,19250,9625.00,358,179.00
56564,1,9666,9666.00,179,179.00,3305414,3305414.00,1345185,1345185.00,0,0.00,0,0.00
59249,1,0,0.00,179,179.00,20670,20670.00,0,0.00,38758,38758.00,179,179.00
60860,1,10382,10382.00,179,179.00,3406707,3406707.00,1162123,1162123.00,43836,43836.00,0,0.00
61755,1,0,0.00,179,179.00,61934,61934.00,0,0.00,0,0.00,179,179.00
62113,1,0,0.00,179,179.00,15036,15036.00,0,0.00,47256,47256.00,179,179.00
62234,1,4078,4078.00,40,40.00,5827824,5827824.00,6189380,6189380.00,58410,58410.00,1558,1558.00
65156,1,11098,11098.00,179,179.00,3842772,3842772.00,1809690,1809690.00,0,0.00,0,0.00
65335,1,0,0.00,179,179.00,55684,55684.00,0,0.00,9830,9830.00,179,179.00
66051,1,0,0.00,179,179.00,7876,7876.00,0,0.00,58354,58354.00,179,179.00
69273,1,0,0.00,179,179.00,27194,27194.00,0,0.00,42258,42258.00,179,179.00
69452,2,23628,11814.00,358,179.00,8127580,4063790.00,3336338,1668169.00,22899,11449.50,0,0.00
69631,1,0,0.00,179,179.00,9356,9356.00,0,0.00,60454,60454.00,179,179.00
70347,1,0,0.00,179,179.00,7876,7876.00,0,0.00,62650,62650.00,179,179.00
71890,1,1264,1264.00,158,158.00,392472,392472.00,20540,20540.00,69520,69520.00,790,790.00
72495,1,0,0.00,179,179.00,7876,7876.00,0,0.00,64798,64798.00,179,179.00
73211,1,0,0.00,179,179.00,73390,73390.00,0,0.00,0,0.00,179,179.00
73748,1,12530,12530.00,179,179.00,4206202,4206202.00,1452121,1452121.00,45946,45946.00,0,0.00
76433,1,0,0.00,179,179.00,716,716.00,0,0.00,75896,75896.00,179,179.00
76791,1,0,0.00,179,179.00,47602,47602.00,0,0.00,29368,29368.00,179,179.00
78044,1,13246,13246.00,179,179.00,4648809,4648809.00,2636670,2636670.00,0,0.00,0,0.00
80013,1,0,0.00,179,179.00,23434,23434.00,0,0.00,56758,56758.00,179,179.00
80371,1,0,0.00,179,179.00,5276,5276.00,0,0.00,75274,75274.00,179,179.00
81134,1,10124,10124.00,2122,2122.00,3588202,3588202.00,1234780,1234780.00,76788,76788.00,0,0.00
81445,1,1432,1432.00,179,179.00,444636,444636.00,23270,23270.00,78760,78760.00,895,895.00
82340,1,13962,13962.00,179,179.00,4833371,4833371.00,2135623,2135623.00,16528,16528.00,0,0.00
83235,1,0,0.00,179,179.00,3476,3476.00,0,0.00,79938,79938.00,179,179.00
83593,1,0,0.00,179,179.00,83772,83772.00,0,0.00,0,0.00,179,179.00
85658,1,32113,32113.00,4917,4917.00,5884078,5884078.00,1141550,1141550.00,82634,82634.00,0,0.00
87173,1,14857,14857.00,179,179.00,5029551,5029551.00,3243206,3243206.00,50620,50620.00,0,0.00
88638,1,948,948.00,948,948.00,1399564,1399564.00,238738,238738.00,88006,88006.00,158,158.00
89375,1,33462,33462.00,4482,4482.00,6038550,6038550.00,2076220,2076220.00,6620,6620.00,0,0.00
89849,1,30787,30787.00,3687,3687.00,5434695,5434695.00,1868598,1868598.00,5958,5958.00,228,228.00
91469,1,15573,15573.00,179,179.00,5468987,5468987.00,3696529,3696529.00,0,0.00,0,0.00
91648,1,11277,11277.00,2327,2327.00,4062047,4062047.00,1398169,1398169.00,86994,86994.00,0,0.00
91827,1,0,0.00,179,179.00,7876,7876.00,0,0.00,84130,84130.00,179,179.00
95765,1,16289,16289.00,179,179.00,5597650,5597650.00,2508980,2508980.00,34518,34518.00,0,0.00
97018,1,36337,36337.00,5549,5549.00,6595434,6595434.00,1326390,1326390.00,93617,93617.00,0,0.00
99703,1,15752,15752.00,6444,6444.00,17653159,17653159.00,3202131,3202131.00,0,0.00,0,0.00
100061,1,17005,17005.00,179,179.00,5789898,5789898.00,2914873,2914873.00,67866,67866.00,0,0.00
100419,1,1074,1074.00,1074,1074.00,1585582,1585582.00,270469,270469.00,99703,99703.00,179,179.00
104357,1,17721,17721.00,179,179.00,6273062,6273062.00,4851988,4851988.00,432,432.00,0,0.00
116335,1,13428,13428.00,1500,1500.00,1036810,1036810.00,275130,275130.00,20810,20810.00,2242,2242.00
133742,1,14584,14584.00,871,871.00,933129,933129.00,247617,247617.00,18729,18729.00,2720,2720.00
146959,1,18795,18795.00,179,179.00,5238613,5238613.00,5943863,5943863.00,133176,133176.00,0,0.00
155472,1,14378,14378.00,4424,4424.00,731066,731066.00,59566,59566.00,145518,145518.00,0,0.00
176136,1,16289,16289.00,5012,5012.00,904666,904666.00,74643,74643.00,173988,173988.00,0,0.00
210758,1,15888,15888.00,612,612.00,99930,99930.00,125510,125510.00,2690,2690.00,1691,1691.00
275692,1,20001,20001.00,454,454.00,89937,89937.00,112959,112959.00,2421,2421.00,2225,2225.00
280089,1,18365,18365.00,204,204.00,26229423,26229423.00,27853056,27853056.00,262845,262845.00,7011,7011.00
311644,1,20548,20548.00,516,516.00,29145822,29145822.00,30947840,30947840.00,292050,292050.00,7790,7790.00
322916,1,26671,26671.00,4833,4833.00,13635057,13635057.00,4152673,4152673.00,235743,235743.00,537,537.00
356105,1,51118,51118.00,13040,13040.00,16381598,16381598.00,4347054,4347054.00,328798,328798.00,0,0.00
402929,1,56922,56922.00,13783,13783.00,18699235,18699235.00,5148219,5148219.00,372499,372499.00,0,0.00
409062,1,113286,113286.00,0,0.00,14880598,14880598.00,11613000,11613000.00,400688,400688.00,11376,11376.00
463431,1,128343,128343.00,0,0.00,16882564,16882564.00,13152741,13152741.00,453944,453944.00,12888,12888.00
1407209,1,520536,520536.00,62652,62652.00,95412609,95412609.00,32804276,32804276.00,104596,104596.00,0,0.00
1593279,1,588731,588731.00,69989,69989.00,107531028,107531028.00,37035637,37035637.00,162532,162532.00,0,0.00
2306236,1,271006,271006.00,4296,4296.00,251073728,251073728.00,172096445,172096445.00,2028600,2028600.00,9487,9487.00
4916498,1,322168,322168.00,3164,3164.00,460469136,460469136.00,488975874,488975874.00,4614390,4614390.00,123082,123082.00
5569943,1,364981,364981.00,3580,3580.00,499591506,499591506.00,567242229,567242229.00,5227695,5227695.00,139441,139441.00
